Country Name,Country Code,Indicator Name,Indicator Code,1990,1991,1992,1993,1994,1995,1996,1997,1998,1999,2000,2001,2002,2003,2004,2005,2006,2007,2008,2009,2010,2011,2012,2013,2014,2015,2016,2017,2018,2019,2020,Latitude,Longitude
Aruba,ABW,Consommation d’énergies renouvelables (% de la consommation totale d’énergie),EG.FEC.RNEW.ZS,0.27,0.23,0.24,0.2,0.18,0.17,0.17,0.16,0.16,0.16,0.18,0.18,0.18,0.18,0.19,0.19,0.19,0.19,0.19,0.3,5.46,5.66,6.86,6.89,6.93,6.73,6.99,6.7,8.31,8.18,8.67,12.52111,-69.968338
Afghanistan,AFG,Consommation d’énergies renouvelables (% de la consommation totale d’énergie),EG.FEC.RNEW.ZS,23.0,23.69,27.38,28.5,30.14,31.8,33.89,36.42,38.02,43.44,44.99,45.6,37.83,36.66,44.24,33.88,31.89,28.78,21.17,16.53,15.15,12.61,15.36,16.86,18.93,17.53,19.92,19.21,17.96,18.51,17.58,33.93911,67.709953
Angola,AGO,Consommation d’énergies renouvelables (% de la consommation totale d’énergie),EG.FEC.RNEW.ZS,72.26,71.89,72.72,71.28,72.22,73.76,72.76,73.16,76.11,72.42,73.44,72.34,70.42,65.14,61.92,68.38,62.13,58.49,54.88,52.41,52.51,51.06,49.47,47.95,48.27,47.84,49.03,56.25,55.94,54.39,61.02,-11.202692,17.873887
Albanie,ALB,Consommation d’énergies renouvelables (% de la consommation totale d’énergie),EG.FEC.RNEW.ZS,25.5,32.98,46.78,51.12,51.43,50.58,51.6,55.93,49.94,42.63,41.36,39.04,35.82,33.67,35.84,36.77,31.62,32.0,35.79,37.09,36.99,35.84,39.91,41.14,38.56,38.49,39.44,36.94,37.83,40.11,44.58,41.153332,20.168331
Andorre,AND,Consommation d’énergies renouvelables (% de la consommation totale d’énergie),EG.FEC.RNEW.ZS,14.05,14.05,14.08,13.72,14.36,14.28,13.89,13.98,14.23,14.32,14.51,15.39,15.83,16.52,16.57,16.61,17.57,16.56,17.02,17.13,18.67,18.55,18.76,19.14,19.45,19.32,19.3,19.02,18.58,18.46,21.86,42.546245,1.601554
Émirats arabes unis,ARE,Consommation d’énergies renouvelables (% de la consommation totale d’énergie),EG.FEC.RNEW.ZS,0.0,0.0,0.19,0.15,0.12,0.11,0.08,0.08,0.07,0.07,0.08,0.06,0.07,0.07,0.1,0.11,0.12,0.11,0.11,0.11,0.11,0.11,0.1,0.1,0.14,0.13,0.12,0.19,0.32,0.67,0.92,23.424076,53.847818
Argentine,ARG,Consommation d’énergies renouvelables (% de la consommation totale d’énergie),EG.FEC.RNEW.ZS,8.57,8.42,9.01,9.68,9.97,10.18,8.64,9.72,9.62,8.79,9.85,11.51,11.62,10.82,9.29,9.64,9.18,7.72,7.65,8.59,8.79,8.83,8.61,8.91,9.79,9.4,9.38,10.37,10.52,10.74,9.84,-38.416097,-63.616672
Arménie,ARM,Consommation d’énergies renouvelables (% de la consommation totale d’énergie),EG.FEC.RNEW.ZS,2.12,2.31,6.68,12.93,17.76,9.27,12.47,10.12,9.38,8.36,7.16,5.42,8.9,9.81,8.71,6.49,7.65,7.02,6.4,7.8,9.36,8.01,6.56,6.77,7.08,10.74,13.15,12.56,11.13,10.34,8.38,40.069099,45.038189
Samoa américaines,ASM,Consommation d’énergies renouvelables (% de la consommation totale d’énergie),EG.FEC.RNEW.ZS,0.0,0.0,0.0,0.0,0.0,0.0,0.0,0.0,0.0,0.0,0.0,0.0,0.0,0.0,0.0,0.0,0.0,0.0,0.0,0.0,0.0,0.0,0.14,0.24,0.23,0.23,0.3,0.49,0.49,0.5,0.51,-14.270972,-170.132217
Antigua-et-Barbuda,ATG,Consommation d’énergies renouvelables (% de la consommation totale d’énergie),EG.FEC.RNEW.ZS,0.0,0.0,0.0,0.0,0.0,0.0,0.0,0.0,0.0,0.0,0.0,0.0,0.0,0.0,0.0,0.0,0.0,0.0,0.0,0.0,0.0,0.06,0.11,0.11,0.11,0.36,0.45,0.45,0.7,0.69,0.74,17.060816,-61.796428
Australie,AUS,Consommation d’énergies renouvelables (% de la consommation totale d’énergie),EG.FEC.RNEW.ZS,8.01,8.25,7.52,8.62,8.26,8.22,8.87,9.08,8.6,8.51,8.42,8.37,8.74,7.15,6.68,6.71,6.85,6.95,6.79,7.15,8.16,8.32,8.3,9.22,9.33,9.32,9.36,9.65,9.6,10.06,10.89,-25.274398,133.775136
Autriche,AUT,Consommation d’énergies renouvelables (% de la consommation totale d’énergie),EG.FEC.RNEW.ZS,25.17,24.53,26.17,26.39,25.72,25.67,24.08,24.92,24.46,26.49,26.43,25.53,24.68,22.56,23.17,24.41,26.64,28.99,29.68,31.31,31.15,31.64,34.37,34.58,35.67,34.82,34.63,33.97,34.08,33.98,35.77,47.516231,14.550072
Azerbaïdjan,AZE,Consommation d’énergies renouvelables (% de la consommation totale d’énergie),EG.FEC.RNEW.ZS,0.72,0.8,1.22,1.98,1.52,1.37,1.74,1.99,2.48,2.14,2.07,1.75,2.35,2.94,3.07,3.36,2.86,3.78,3.08,3.27,4.45,3.55,2.84,2.52,2.12,2.33,1.94,1.91,1.93,1.62,1.23,40.143105,47.576927
Burundi,BDI,Consommation d’énergies renouvelables (% de la consommation totale d’énergie),EG.FEC.RNEW.ZS,94.64,93.5,94.27,93.98,93.94,93.73,93.49,93.39,93.25,93.75,93.23,94.84,94.65,95.76,96.04,96.01,95.31,95.29,95.15,95.18,92.58,91.66,91.47,91.11,91.31,91.18,89.58,88.19,85.65,84.84,83.52,-3.373056,29.918886
Belgique,BEL,Consommation d’énergies renouvelables (% de la consommation totale d’énergie),EG.FEC.RNEW.ZS,1.27,1.21,1.19,0.96,0.94,1.26,1.19,1.15,1.29,1.4,1.44,1.58,1.68,1.89,2.04,2.44,2.87,3.4,3.95,4.87,6.25,6.7,7.69,8.26,9.13,9.42,9.2,9.66,10.65,10.2,12.28,50.503887,4.469936
Bénin,BEN,Consommation d’énergies renouvelables (% de la consommation totale d’énergie),EG.FEC.RNEW.ZS,93.7,94.97,94.85,94.99,94.98,94.77,84.15,80.63,79.57,76.91,70.29,66.86,64.04,61.73,60.69,59.2,57.31,54.49,54.76,52.83,47.19,48.7,50.33,51.97,51.05,49.94,45.42,45.38,43.97,46.47,46.2,9.30769,2.315834
Burkina Faso,BFA,Consommation d’énergies renouvelables (% de la consommation totale d’énergie),EG.FEC.RNEW.ZS,89.14,89.19,89.12,89.21,89.19,88.65,87.88,86.79,86.29,86.86,85.4,85.49,85.43,85.3,85.31,87.7,85.88,84.3,84.43,84.81,82.8,81.98,78.79,77.09,76.84,74.55,74.14,71.13,69.13,67.2,67.51,12.238333,-1.561593
Bangladesh,BGD,Consommation d’énergies renouvelables (% de la consommation totale d’énergie),EG.FEC.RNEW.ZS,71.67,73.16,71.66,70.56,68.98,63.81,62.13,59.98,60.24,60.54,60.2,55.96,54.47,52.62,52.05,50.66,48.69,47.19,45.2,43.1,40.31,38.44,37.36,36.96,35.34,31.12,30.23,28.01,25.79,26.37,27.96,23.684994,90.356331
Bulgarie,BGR,Consommation d’énergies renouvelables (% de la consommation totale d’énergie),EG.FEC.RNEW.ZS,1.81,2.18,2.59,2.38,2.28,3.03,3.53,3.76,5.83,6.58,7.97,7.24,8.7,9.16,9.55,9.83,9.96,8.85,9.94,11.62,14.27,13.22,15.63,18.24,17.15,17.85,17.71,17.11,19.59,19.32,21.08,42.733883,25.48583
Bahreïn,BHR,Consommation d’énergies renouvelables (% de la consommation totale d’énergie),EG.FEC.RNEW.ZS,0.0,0.0,0.0,0.0,0.0,0.0,0.0,0.0,0.0,0.0,0.0,0.0,0.0,0.0,0.0,0.0,0.0,0.0,0.0,0.0,0.0,0.0,0.0,0.0,0.0,0.0,0.0,0.0,0.0,0.0,0.0,25.930414,50.637772
Bahamas,BHS,Consommation d’énergies renouvelables (% de la consommation totale d’énergie),EG.FEC.RNEW.ZS,0.0,0.0,0.0,0.0,0.0,0.0,0.0,0.0,0.0,0.0,0.0,0.42,0.38,1.54,1.59,1.71,2.01,3.54,1.97,1.53,1.3,1.44,1.41,1.43,1.4,1.45,1.33,1.15,1.2,1.18,1.41,25.03428,-77.39628
Bahamas,BHS,Consommation d’énergies renouvelables (% de la consommation totale d’énergie),EG.FEC.RNEW.ZS,0.0,0.0,0.0,0.0,0.0,0.0,0.0,0.0,0.0,0.0,0.0,0.42,0.38,1.54,1.59,1.71,2.01,3.54,1.97,1.53,1.3,1.44,1.41,1.43,1.4,1.45,1.33,1.15,1.2,1.18,1.41,25.03428,-77.39628
Bosnie-Herzégovine,BIH,Consommation d’énergies renouvelables (% de la consommation totale d’énergie),EG.FEC.RNEW.ZS,7.3,8.76,11.57,14.61,33.38,33.22,32.85,27.6,26.74,28.43,19.35,20.27,21.21,20.14,20.1,19.73,18.12,14.84,14.28,17.43,19.57,14.16,15.28,19.48,23.65,25.25,23.0,18.49,35.36,36.84,37.71,43.915886,17.679076
Bélarus,BLR,Consommation d’énergies renouvelables (% de la consommation totale d’énergie),EG.FEC.RNEW.ZS,0.92,1.01,1.17,1.4,2.31,2.82,3.49,3.82,4.12,4.5,5.65,6.26,6.52,6.25,6.27,6.83,7.2,7.28,7.08,7.39,7.29,7.52,7.24,6.97,6.69,6.82,6.72,7.28,7.21,7.81,8.39,53.709807,27.953389
Belize,BLZ,Consommation d’énergies renouvelables (% de la consommation totale d’énergie),EG.FEC.RNEW.ZS,38.01,32.44,36.29,35.6,34.08,34.92,42.68,36.66,35.32,35.89,34.55,29.61,31.19,30.18,32.02,31.01,36.8,32.31,34.06,29.18,32.93,44.36,50.07,40.99,37.43,30.32,33.27,37.24,35.53,30.43,30.2,17.189877,-88.49765
Bermudes,BMU,Consommation d’énergies renouvelables (% de la consommation totale d’énergie),EG.FEC.RNEW.ZS,0.0,0.0,0.0,0.0,0.0,0.26,0.41,0.43,0.44,0.48,0.46,0.54,0.51,0.51,0.52,0.49,0.44,0.5,0.46,0.43,0.43,0.42,0.44,1.47,0.43,0.55,1.09,0.63,0.68,0.81,0.95,32.321384,-64.75737
Bolivie,BOL,Consommation d’énergies renouvelables (% de la consommation totale d’énergie),EG.FEC.RNEW.ZS,37.02,38.1,36.88,36.91,35.16,33.17,32.39,31.97,30.62,30.77,29.79,29.59,28.67,27.52,26.26,25.07,23.7,22.07,21.3,20.62,19.93,18.1,17.36,16.02,15.03,14.22,13.62,14.29,14.33,13.52,16.86,-16.290154,-63.588653
Brésil,BRA,Consommation d’énergies renouvelables (% de la consommation totale d’énergie),EG.FEC.RNEW.ZS,49.82,48.89,48.65,48.15,48.3,46.08,44.48,43.66,43.79,43.98,42.66,41.33,42.85,45.11,45.18,46.13,46.67,47.19,47.04,48.92,46.81,45.26,43.49,42.32,41.71,43.62,45.46,45.33,46.95,47.58,50.05,-14.235004,-51.92528
Barbade,BRB,Consommation d’énergies renouvelables (% de la consommation totale d’énergie),EG.FEC.RNEW.ZS,13.14,12.59,11.96,11.01,10.03,10.42,10.73,9.57,7.38,7.91,7.91,7.68,6.97,6.19,6.28,6.38,6.59,6.36,5.7,6.53,6.41,3.12,3.01,2.37,2.33,2.13,2.4,3.46,4.15,2.79,4.57,13.193887,-59.543198
Brunéi Darussalam,BRN,Consommation d’énergies renouvelables (% de la consommation totale d’énergie),EG.FEC.RNEW.ZS,0.67,0.43,0.21,0.0,0.0,0.0,0.0,0.0,0.0,0.0,0.0,0.0,0.0,0.0,0.0,0.0,0.0,0.0,0.0,0.0,0.0,0.02,0.01,0.01,0.01,0.01,0.01,0.01,0.01,0.01,0.01,4.535277,114.727669
Brunéi Darussalam,BRN,Consommation d’énergies renouvelables (% de la consommation totale d’énergie),EG.FEC.RNEW.ZS,0.67,0.43,0.21,0.0,0.0,0.0,0.0,0.0,0.0,0.0,0.0,0.0,0.0,0.0,0.0,0.0,0.0,0.0,0.0,0.0,0.0,0.02,0.01,0.01,0.01,0.01,0.01,0.01,0.01,0.01,0.01,4.535277,114.727669
Bhoutan,BTN,Consommation d’énergies renouvelables (% de la consommation totale d’énergie),EG.FEC.RNEW.ZS,95.9,95.92,95.29,95.86,95.29,94.37,93.24,91.35,91.53,91.57,91.4,91.75,91.2,91.92,93.46,91.67,91.92,92.07,91.81,92.38,90.8,89.01,87.32,86.7,86.54,86.68,85.02,83.63,82.61,82.85,88.39,27.514162,90.433601
Botswana,BWA,Consommation d’énergies renouvelables (% de la consommation totale d’énergie),EG.FEC.RNEW.ZS,49.03,49.51,46.1,47.34,49.84,48.86,46.44,45.78,39.2,41.6,38.46,37.51,36.13,36.21,34.34,33.0,31.4,29.03,27.86,28.29,29.41,28.41,27.55,26.36,25.38,25.59,26.13,26.11,25.11,25.74,27.21,-22.328474,24.684866
République centrafricaine,CAF,Consommation d’énergies renouvelables (% de la consommation totale d’énergie),EG.FEC.RNEW.ZS,93.87,94.14,94.08,93.82,93.19,93.05,91.66,91.86,89.02,88.95,88.9,88.92,89.22,90.25,90.64,90.96,90.8,90.88,93.64,93.91,93.84,93.33,93.07,95.08,94.82,92.86,92.11,91.58,91.42,91.26,90.88,6.611111,20.939444
Canada,CAN,Consommation d’énergies renouvelables (% de la consommation totale d’énergie),EG.FEC.RNEW.ZS,22.53,22.67,22.38,22.26,22.13,22.39,22.02,21.78,21.98,22.18,22.04,21.53,21.77,21.18,21.58,21.26,21.18,21.26,21.3,21.94,21.13,21.17,21.44,21.84,21.83,21.83,21.62,22.35,21.92,22.47,23.85,56.130366,-106.346771
Suisse,CHE,Consommation d’énergies renouvelables (% de la consommation totale d’énergie),EG.FEC.RNEW.ZS,16.8,17.11,17.01,17.99,18.33,17.63,16.69,17.41,17.07,18.38,18.19,18.72,18.19,18.03,18.1,18.73,18.07,19.31,19.55,19.97,20.56,20.57,21.88,21.83,22.2,23.94,24.1,24.99,24.2,24.76,26.37,46.818188,8.227512
Chili,CHL,Consommation d’énergies renouvelables (% de la consommation totale d’énergie),EG.FEC.RNEW.ZS,34.03,37.27,38.62,35.77,34.82,34.17,32.23,29.96,29.75,29.06,31.36,32.15,33.07,31.62,31.44,32.26,32.91,30.46,30.83,31.53,27.04,28.79,30.31,30.23,26.95,25.06,24.55,24.1,25.46,25.27,26.73,-35.675147,-71.542969
Chine,CHN,Consommation d’énergies renouvelables (% de la consommation totale d’énergie),EG.FEC.RNEW.ZS,33.91,33.08,32.75,31.51,31.1,29.35,30.54,29.99,29.53,30.29,29.63,28.36,27.0,23.86,20.17,17.44,16.39,14.88,14.14,13.43,12.26,11.34,11.53,11.47,11.91,12.18,12.6,13.14,13.55,14.33,14.81,35.86166,104.195397
Côte d'Ivoire,CIV,Consommation d’énergies renouvelables (% de la consommation totale d’énergie),EG.FEC.RNEW.ZS,73.59,74.02,74.56,75.13,75.61,74.89,74.04,72.14,73.45,61.93,63.72,64.73,65.32,70.32,75.4,77.92,74.79,76.33,74.21,73.71,75.42,79.11,74.9,72.16,71.91,64.51,64.04,62.54,62.98,62.41,63.34,7.539989,-5.54708
Cameroun,CMR,Consommation d’énergies renouvelables (% de la consommation totale d’énergie),EG.FEC.RNEW.ZS,81.6,83.19,84.44,83.94,83.61,84.48,84.94,84.69,84.49,86.23,84.59,85.3,85.26,85.3,85.53,86.31,85.51,80.82,80.82,79.22,78.74,78.63,78.57,77.67,76.88,78.06,78.78,79.18,78.57,78.79,78.94,7.369722,12.354722
Congo,COG,Consommation d’énergies renouvelables (% de la consommation totale d’énergie),,65.42,64.57,67.61,68.42,76.47,69.8,75.41,80.16,79.74,76.96,64.86,61.18,68.53,61.99,63.03,63.11,69.42,60.34,56.86,56.03,54.8,64.62,65.3,62.51,62.27,64.15,67.63,69.75,70.51,69.97,,-0.228021,15.827659
Colombie,COL,Consommation d’énergies renouvelables (% de la consommation totale d’énergie),EG.FEC.RNEW.ZS,38.06,36.82,33.07,33.01,33.77,33.54,33.62,25.67,25.82,28.99,27.85,27.08,28.63,30.55,29.04,28.94,29.58,30.3,29.85,30.78,29.63,28.74,28.8,32.13,32.22,31.46,30.6,32.38,30.57,31.5,31.31,4.570868,-74.297333
Comores,COM,Consommation d’énergies renouvelables (% de la consommation totale d’énergie),EG.FEC.RNEW.ZS,74.0,73.4,73.63,73.06,73.29,73.0,73.44,72.92,71.54,71.09,69.87,69.51,70.31,64.39,63.52,65.74,61.81,74.36,73.44,68.53,66.02,68.99,67.5,62.23,65.8,64.06,60.4,56.32,54.59,53.0,48.29,-11.875001,43.872219
Cabo Verde,CPV,Consommation d’énergies renouvelables (% de la consommation totale d’énergie),EG.FEC.RNEW.ZS,21.07,26.27,26.34,30.42,32.43,30.82,30.19,30.49,30.03,26.86,27.88,25.97,25.98,24.83,24.38,23.88,21.18,21.04,23.81,22.08,21.22,20.78,24.26,25.94,26.11,26.35,26.31,24.66,23.13,22.41,23.42,16.002082,-24.013197
Costa Rica,CRI,Consommation d’énergies renouvelables (% de la consommation totale d’énergie),EG.FEC.RNEW.ZS,45.37,44.68,35.12,36.28,35.82,35.01,36.6,33.58,28.89,29.89,32.95,32.1,32.54,33.3,39.16,41.73,42.4,41.18,40.7,40.72,40.39,38.02,38.06,37.8,37.62,38.33,34.11,33.33,33.13,33.42,36.43,9.748917,-83.753428
Cuba,CUB,Consommation d’énergies renouvelables (% de la consommation totale d’énergie),EG.FEC.RNEW.ZS,42.89,47.18,51.31,46.87,45.78,41.26,41.43,36.8,34.81,33.71,34.43,34.05,34.8,33.56,33.77,26.31,21.96,18.59,18.73,18.97,15.61,19.2,19.38,18.24,23.16,21.15,19.2,22.0,23.99,23.14,23.93,21.521757,-77.781167
Curacao,CUW,Consommation d’énergies renouvelables (% de la consommation totale d’énergie),EG.FEC.RNEW.ZS,0.0,0.0,0.0,0.1,0.08,0.08,0.08,0.08,0.08,0.08,0.07,0.63,0.6,0.61,0.61,0.6,0.59,0.58,0.51,0.51,0.5,0.5,0.57,1.12,1.36,1.31,1.42,1.86,2.55,2.48,2.78,12.186111,-68.989444
Îles Caïmans,CYM,Consommation d’énergies renouvelables (% de la consommation totale d’énergie),EG.FEC.RNEW.ZS,0.0,0.0,0.0,0.0,0.0,0.0,0.0,0.0,0.0,0.0,0.0,0.0,0.0,0.0,0.0,0.0,0.0,0.0,0.0,0.01,0.01,0.02,0.01,0.01,0.01,0.01,0.01,0.01,0.01,0.0,0.01,19.513469,-80.566956
Chypre,CYP,Consommation d’énergies renouvelables (% de la consommation totale d’énergie),EG.FEC.RNEW.ZS,0.49,0.36,0.34,0.33,0.72,3.33,3.33,3.27,3.24,3.2,3.08,3.03,3.16,3.24,3.29,3.34,3.5,4.32,5.45,6.29,6.5,7.6,8.6,9.73,9.49,10.41,10.27,10.94,12.02,11.97,15.02,35.126413,33.429859
République tchèque,CZE,Consommation d’énergies renouvelables (% de la consommation totale d’énergie),EG.FEC.RNEW.ZS,3.57,3.98,5.9,5.82,5.91,5.3,5.24,5.65,5.97,6.48,5.94,6.29,7.28,6.72,7.13,7.53,7.88,8.32,8.99,10.25,10.95,12.16,12.8,13.95,14.85,14.84,14.77,14.46,14.72,15.88,16.97,49.817492,15.472962
République tchèque,CZE,Consommation d’énergies renouvelables (% de la consommation totale d’énergie),EG.FEC.RNEW.ZS,3.57,3.98,5.9,5.82,5.91,5.3,5.24,5.65,5.97,6.48,5.94,6.29,7.28,6.72,7.13,7.53,7.88,8.32,8.99,10.25,10.95,12.16,12.8,13.95,14.85,14.84,14.77,14.46,14.72,15.88,16.97,49.817492,15.472962
Allemagne,DEU,Consommation d’énergies renouvelables (% de la consommation totale d’énergie),EG.FEC.RNEW.ZS,2.1,1.99,2.06,2.11,2.27,2.32,2.25,2.82,3.05,3.26,3.7,3.9,4.41,5.44,6.34,7.28,8.59,10.47,10.25,10.72,11.61,12.54,13.64,13.63,14.02,14.55,14.24,15.22,16.04,17.07,18.6,51.165691,10.451526
Djibouti,DJI,Consommation d’énergies renouvelables (% de la consommation totale d’énergie),EG.FEC.RNEW.ZS,29.65,30.14,30.26,31.17,32.41,32.22,33.97,32.04,29.6,29.58,31.44,31.68,32.44,32.88,33.62,33.09,33.01,32.52,33.14,34.38,32.54,34.62,34.09,34.42,30.91,28.24,25.06,24.35,26.28,26.99,31.91,11.825138,42.590275
Dominique,DMA,Consommation d’énergies renouvelables (% de la consommation totale d’énergie),EG.FEC.RNEW.ZS,14.6,14.51,14.49,13.41,13.11,15.65,20.85,15.52,15.01,14.08,11.06,9.41,13.6,10.56,11.4,10.02,9.82,7.75,7.96,7.48,10.28,13.8,11.33,11.41,9.86,8.68,10.74,9.67,8.17,7.91,8.31,15.414999,-61.370976
Danemark,DNK,Consommation d’énergies renouvelables (% de la consommation totale d’énergie),EG.FEC.RNEW.ZS,7.05,7.07,7.75,7.7,7.33,7.51,7.26,8.1,8.51,9.06,10.73,11.12,11.86,12.72,14.44,16.12,15.26,17.69,18.54,19.33,21.2,23.83,26.93,27.05,30.19,32.53,31.95,35.02,34.56,37.29,39.7,56.26392,9.501785
République dominicaine,DOM,Consommation d’énergies renouvelables (% de la consommation totale d’énergie),EG.FEC.RNEW.ZS,28.02,28.17,25.36,26.85,24.44,22.34,20.31,18.25,20.43,19.9,19.11,18.89,17.94,18.94,20.67,19.44,17.98,17.89,17.68,17.34,16.91,16.75,16.48,16.55,17.28,14.88,15.31,16.87,15.95,14.89,16.69,18.735693,-70.162651
Algérie,DZA,Consommation d’énergies renouvelables (% de la consommation totale d’énergie),EG.FEC.RNEW.ZS,0.18,0.32,0.29,0.48,0.4,0.42,0.39,0.47,0.54,0.51,0.43,0.43,0.51,0.47,0.44,0.58,0.41,0.41,0.3,0.31,0.26,0.18,0.18,0.13,0.07,0.06,0.08,0.14,0.19,0.16,0.15,28.033886,1.659626
Équateur,ECU,Consommation d’énergies renouvelables (% de la consommation totale d’énergie),EG.FEC.RNEW.ZS,24.2,24.17,20.8,21.62,20.85,20.36,19.29,16.54,18.19,19.58,19.43,17.05,17.1,16.55,16.73,16.16,14.19,15.88,15.32,12.87,11.79,13.15,13.2,11.85,12.18,13.07,14.75,17.05,16.33,17.73,20.1,-1.831239,-78.183406
Égypte,EGY,Consommation d’énergies renouvelables (% de la consommation totale d’énergie),,8.96,9.35,9.07,9.17,9.99,9.41,9.03,8.64,8.5,8.78,8.26,7.82,7.35,7.45,7.57,6.48,6.22,6.05,5.88,5.65,5.37,5.43,5.29,5.28,5.38,5.28,5.07,4.93,5.03,6.23,6.23,26.820553,30.802498
Érythrée,ERI,Consommation d’énergies renouvelables (% de la consommation totale d’énergie),EG.FEC.RNEW.ZS,,,89.87,83.64,80.1,77.89,76.38,77.6,75.01,76.13,76.79,74.85,74.69,75.05,69.79,74.69,77.29,79.1,81.36,81.65,80.9,77.07,78.42,79.65,80.48,81.19,81.4,81.64,80.8,80.55,80.9,15.179384,39.782334
Espagne,ESP,Consommation d’énergies renouvelables (% de la consommation totale d’énergie),EG.FEC.RNEW.ZS,10.58,9.95,8.25,9.11,9.24,8.26,10.06,9.16,8.94,7.67,7.88,8.93,7.41,8.91,8.04,7.3,8.48,9.01,9.74,12.21,14.39,14.72,15.75,16.92,17.33,16.3,16.71,15.18,16.9,16.68,19.35,40.463667,-3.74922
Estonie,EST,Consommation d’énergies renouvelables (% de la consommation totale d’énergie),EG.FEC.RNEW.ZS,3.54,3.59,5.88,6.64,11.11,17.88,20.08,20.05,17.88,19.97,19.76,18.85,19.34,19.88,20.0,18.9,17.22,18.65,20.45,24.21,25.32,25.16,24.96,24.47,25.29,28.17,27.23,27.52,28.59,31.34,40.0,58.595272,25.013607
Éthiopie,ETH,Consommation d’énergies renouvelables (% de la consommation totale d’énergie),EG.FEC.RNEW.ZS,96.3,96.38,97.51,96.92,96.57,96.28,95.99,95.85,95.72,95.81,95.55,94.6,94.53,94.23,94.13,94.73,94.54,94.16,94.09,94.18,94.11,93.55,93.24,92.42,91.16,91.46,90.37,90.2,89.73,89.5,89.52,9.145,40.489673
Finlande,FIN,Consommation d’énergies renouvelables (% de la consommation totale d’énergie),EG.FEC.RNEW.ZS,24.51,24.03,25.12,26.0,25.13,27.27,26.87,28.83,30.5,30.24,31.68,29.25,29.52,28.35,31.1,31.52,31.25,31.8,34.61,32.46,33.43,35.14,38.72,38.52,41.25,43.23,42.4,44.48,44.3,45.6,47.49,61.92411,25.748151
Fidji,FJI,Consommation d’énergies renouvelables (% de la consommation totale d’énergie),EG.FEC.RNEW.ZS,57.14,55.46,56.23,57.57,61.87,58.38,57.28,51.63,45.39,54.22,50.06,40.44,48.98,40.83,35.72,40.02,39.07,36.04,42.13,41.62,27.95,33.38,33.26,32.81,33.17,32.74,27.68,28.55,25.8,26.48,31.79,-16.578193,179.414413
France,FRA,Consommation d’énergies renouvelables (% de la consommation totale d’énergie),EG.FEC.RNEW.ZS,10.54,11.13,11.37,10.97,11.05,10.81,10.59,10.07,9.79,9.86,9.32,9.46,8.73,8.91,8.95,8.66,8.52,9.46,10.6,11.32,11.99,10.65,12.35,13.44,13.19,13.34,14.25,14.12,15.21,15.53,16.87,46.227638,2.213749
Îles Féroé,FRO,Consommation d’énergies renouvelables (% de la consommation totale d’énergie),EG.FEC.RNEW.ZS,2.54,2.73,3.11,3.05,3.15,3.21,2.71,3.26,3.14,2.79,2.77,2.56,3.4,3.11,3.42,3.84,4.3,4.54,4.51,5.12,3.38,5.0,4.7,4.53,6.54,7.47,6.32,5.97,5.86,5.4,5.33,61.892635,-6.911806
Micronésie,FSM,Consommation d’énergies renouvelables (% de la consommation totale d’énergie),,0.0,0.0,0.95,0.96,0.9,0.79,0.8,0.77,0.8,0.57,1.27,1.41,1.6,0.86,1.02,1.35,1.37,1.2,1.44,1.15,1.95,1.57,1.42,1.41,1.51,1.71,1.87,1.72,2.0,1.98,,7.425554,150.550812
Micronésie,FSM,Consommation d’énergies renouvelables (% de la consommation totale d’énergie),,0.0,0.0,0.95,0.96,0.9,0.79,0.8,0.77,0.8,0.57,1.27,1.41,1.6,0.86,1.02,1.35,1.37,1.2,1.44,1.15,1.95,1.57,1.42,1.41,1.51,1.71,1.87,1.72,2.0,1.98,,7.425554,150.550812
Gabon,GAB,Consommation d’énergies renouvelables (% de la consommation totale d’énergie),EG.FEC.RNEW.ZS,78.28,75.15,74.79,73.81,72.9,71.95,71.49,69.98,69.67,71.35,72.78,72.42,79.82,83.63,85.78,85.25,86.16,87.35,87.32,87.94,85.83,79.7,75.48,82.18,81.29,81.94,80.94,90.1,90.08,89.78,90.12,-0.803689,11.609444
Royaume-Uni,GBR,Consommation d’énergies renouvelables (% de la consommation totale d’énergie),EG.FEC.RNEW.ZS,0.65,0.61,0.84,0.78,1.02,1.06,0.94,1.03,1.03,0.95,0.96,0.85,0.97,0.93,1.14,1.35,1.55,1.84,2.4,2.92,3.13,3.94,4.15,5.18,6.53,7.71,7.68,8.81,10.09,11.39,13.5,55.378051,-3.435973
Royaume-Uni,GBR,Consommation d’énergies renouvelables (% de la consommation totale d’énergie),EG.FEC.RNEW.ZS,0.65,0.61,0.84,0.78,1.02,1.06,0.94,1.03,1.03,0.95,0.96,0.85,0.97,0.93,1.14,1.35,1.55,1.84,2.4,2.92,3.13,3.94,4.15,5.18,6.53,7.71,7.68,8.81,10.09,11.39,13.5,55.378051,-3.435973
Géorgie,GEO,Consommation d’énergies renouvelables (% de la consommation totale d’énergie),EG.FEC.RNEW.ZS,12.77,14.12,18.54,26.02,22.7,46.4,42.75,44.36,47.53,49.66,47.25,53.15,56.76,55.33,54.53,41.48,37.22,36.22,36.3,36.72,39.15,31.53,28.69,32.41,30.69,27.54,27.18,27.52,27.37,24.69,23.45,42.315407,43.356892
Ghana,GHA,Consommation d’énergies renouvelables (% de la consommation totale d’énergie),EG.FEC.RNEW.ZS,80.63,82.93,81.0,81.3,80.56,79.79,78.83,78.34,73.58,72.79,71.62,69.32,65.68,64.47,62.38,61.43,58.56,54.53,57.34,51.9,51.91,50.09,46.5,46.19,47.69,44.02,45.22,45.28,42.13,42.6,40.25,7.946527,-1.023194
Gibraltar,GIB,Consommation d’énergies renouvelables (% de la consommation totale d’énergie),EG.FEC.RNEW.ZS,0.0,0.0,0.0,0.0,0.0,0.0,0.0,0.0,0.0,0.0,0.0,0.0,0.0,0.0,0.0,0.0,0.0,0.0,0.0,0.0,0.0,0.0,0.0,0.0,0.0,0.0,0.0,0.0,0.0,0.0,0.0,36.137741,-5.345374
Guinée,GIN,Consommation d’énergies renouvelables (% de la consommation totale d’énergie),EG.FEC.RNEW.ZS,89.47,89.6,86.55,86.2,85.98,89.95,88.76,85.21,84.31,86.27,85.52,84.84,84.27,83.47,83.19,81.56,81.06,80.36,80.15,79.25,75.71,74.75,76.36,78.53,78.57,76.23,75.29,71.96,73.18,68.27,65.77,9.945587,-9.696645
Gambie,GMB,Consommation d’énergies renouvelables (% de la consommation totale d’énergie),EG.FEC.RNEW.ZS,61.98,62.33,63.45,63.27,61.58,60.15,59.65,58.74,57.47,56.32,62.86,59.61,60.97,62.41,61.25,61.71,60.21,57.27,56.28,53.91,56.6,56.24,56.95,59.33,53.17,48.95,48.62,48.02,48.09,47.32,49.74,13.443182,-15.310139
Gambie,GMB,Consommation d’énergies renouvelables (% de la consommation totale d’énergie),EG.FEC.RNEW.ZS,61.98,62.33,63.45,63.27,61.58,60.15,59.65,58.74,57.47,56.32,62.86,59.61,60.97,62.41,61.25,61.71,60.21,57.27,56.28,53.91,56.6,56.24,56.95,59.33,53.17,48.95,48.62,48.02,48.09,47.32,49.74,13.443182,-15.310139
Guinée-Bissau,GNB,Consommation d’énergies renouvelables (% de la consommation totale d’énergie),EG.FEC.RNEW.ZS,88.58,88.57,88.51,88.04,88.52,88.55,89.4,88.36,89.02,88.06,91.24,91.21,91.04,89.05,88.55,88.53,88.29,87.9,88.42,87.89,87.81,87.87,87.81,87.71,87.28,87.15,86.77,86.75,86.57,86.2,87.22,11.803749,-15.180413
Guinée équatoriale,GNQ,Consommation d’énergies renouvelables (% de la consommation totale d’énergie),EG.FEC.RNEW.ZS,84.66,83.85,83.9,81.27,80.55,78.67,73.48,63.59,58.2,54.57,45.85,46.12,31.31,29.49,7.2,7.1,6.99,8.49,7.23,9.24,5.74,5.58,4.42,3.68,4.88,5.54,4.78,4.24,5.91,8.12,6.97,1.650801,10.267895
Grèce,GRC,Consommation d’énergies renouvelables (% de la consommation totale d’énergie),EG.FEC.RNEW.ZS,7.81,8.32,7.9,8.0,8.04,8.31,8.21,8.0,7.56,8.01,7.82,7.11,7.33,7.6,7.85,8.01,8.51,8.05,8.32,9.18,11.38,11.38,14.17,16.61,16.41,17.47,16.41,16.38,17.86,18.52,20.08,39.074208,21.824312
Grenade,GRD,Consommation d’énergies renouvelables (% de la consommation totale d’énergie),EG.FEC.RNEW.ZS,8.34,8.1,7.74,8.1,7.43,7.44,6.17,8.34,10.15,10.33,10.49,10.42,10.47,10.43,10.56,10.58,10.37,9.89,10.69,10.46,10.53,11.27,11.37,10.93,11.27,11.07,11.4,11.48,10.69,10.37,10.36,12.262776,-61.604171
Groenland,GRL,Consommation d’énergies renouvelables (% de la consommation totale d’énergie),EG.FEC.RNEW.ZS,0.5,0.53,0.58,5.3,11.19,10.7,10.5,9.19,9.35,9.39,9.19,8.73,9.48,9.47,6.7,6.99,7.1,6.89,6.87,8.8,10.08,10.2,10.05,11.15,12.48,13.1,12.37,11.35,11.3,10.84,11.46,71.706936,-42.604303
Guatemala,GTM,Consommation d’énergies renouvelables (% de la consommation totale d’énergie),EG.FEC.RNEW.ZS,74.95,74.21,72.16,69.79,68.33,64.98,65.57,65.13,61.97,64.54,62.66,61.26,63.76,64.29,66.1,65.24,64.73,63.28,66.51,65.27,67.08,67.09,67.36,67.19,66.25,63.29,63.24,64.99,64.02,62.82,65.46,15.783471,-90.230759
Guam,GUM,Consommation d’énergies renouvelables (% de la consommation totale d’énergie),EG.FEC.RNEW.ZS,0.52,0.48,0.48,0.44,0.42,0.44,0.42,0.41,0.44,0.41,0.41,0.41,0.45,0.5,0.46,0.45,0.45,0.45,0.45,0.46,0.46,0.47,0.5,0.5,0.52,1.78,3.53,3.45,3.54,3.53,3.61,13.444304,144.793731
Guyana,GUY,Consommation d’énergies renouvelables (% de la consommation totale d’énergie),EG.FEC.RNEW.ZS,55.06,41.59,43.17,43.11,32.3,30.96,29.04,27.44,27.62,26.64,30.56,31.17,34.42,34.82,35.71,34.87,37.02,33.31,32.74,31.63,30.95,33.14,28.99,26.85,24.02,24.95,21.34,22.12,16.77,11.31,12.04,4.860416,-58.93018
Chine,HKG,Consommation d’énergies renouvelables (% de la consommation totale d’énergie),,0.22,0.22,0.18,0.19,0.15,0.14,0.15,0.11,0.07,0.06,0.05,0.06,0.08,0.08,0.09,0.08,0.07,0.1,0.13,0.11,0.15,0.48,0.17,0.26,0.23,0.2,0.16,0.2,0.23,0.23,,22.396428,114.109497
Honduras,HND,Consommation d’énergies renouvelables (% de la consommation totale d’énergie),EG.FEC.RNEW.ZS,70.13,70.21,67.75,66.73,63.95,62.97,62.63,65.39,62.88,53.9,55.24,50.4,49.76,47.94,46.7,51.37,52.22,50.57,49.97,50.45,53.63,50.92,49.39,51.1,52.16,50.74,52.66,45.6,48.83,46.16,50.09,15.199999,-86.241905
Croatie,HRV,Consommation d’énergies renouvelables (% de la consommation totale d’énergie),EG.FEC.RNEW.ZS,21.67,32.87,29.7,29.83,30.02,30.3,34.3,29.21,28.05,27.79,26.76,26.92,24.61,24.82,26.56,26.82,25.51,22.66,24.14,27.16,29.75,27.16,29.4,32.82,33.6,33.09,31.83,29.79,32.83,31.6,32.37,45.1,15.2
Haïti,HTI,Consommation d’énergies renouvelables (% de la consommation totale d’énergie),EG.FEC.RNEW.ZS,87.16,87.54,87.7,89.4,96.69,86.99,86.01,84.56,83.34,82.04,80.85,80.88,79.08,79.02,81.11,81.11,81.37,79.26,79.64,80.33,78.99,79.01,82.19,80.39,77.77,76.12,76.13,76.17,76.25,76.37,76.31,18.971187,-72.285215
Hongrie,HUN,Consommation d’énergies renouvelables (% de la consommation totale d’énergie),EG.FEC.RNEW.ZS,3.86,4.28,4.89,5.05,5.11,5.42,5.14,5.23,5.19,5.16,5.17,5.12,5.17,5.01,4.63,7.29,7.86,9.0,8.96,12.29,13.46,14.74,16.47,17.18,15.72,15.6,15.34,14.55,13.6,13.64,14.76,47.162494,19.503304
Indonésie,IDN,Consommation d’énergies renouvelables (% de la consommation totale d’énergie),EG.FEC.RNEW.ZS,59.18,58.44,57.45,56.06,53.41,50.68,49.26,47.57,48.85,45.8,45.63,44.33,44.66,43.0,41.46,41.57,40.07,40.01,41.12,38.18,35.96,32.39,30.09,30.63,29.29,26.58,27.77,24.88,22.05,19.77,22.01,-0.789275,113.921327
Île de Man,IMN,Consommation d’énergies renouvelables (% de la consommation totale d’énergie),EG.FEC.RNEW.ZS,0.0,0.0,0.0,0.0,0.0,0.0,0.0,0.0,0.0,0.0,0.0,0.0,1.48,1.12,6.28,2.68,3.27,1.94,1.31,1.87,1.93,2.85,3.5,2.06,1.85,2.17,1.96,1.88,2.04,1.9,2.15,54.236107,-4.548056
Inde,IND,Consommation d’énergies renouvelables (% de la consommation totale d’énergie),EG.FEC.RNEW.ZS,52.95,52.0,51.46,51.49,50.49,49.54,49.13,47.89,47.95,47.11,46.88,47.11,45.75,45.63,44.92,44.16,43.16,41.54,39.38,37.41,36.16,35.01,34.75,34.86,33.85,33.4,33.01,32.57,32.73,33.27,35.82,20.593684,78.96288
Irlande,IRL,Consommation d’énergies renouvelables (% de la consommation totale d’énergie),EG.FEC.RNEW.ZS,2.28,2.23,2.17,2.11,2.18,1.93,1.95,1.91,2.3,2.08,2.04,1.97,2.25,2.01,2.31,2.89,3.23,3.55,4.19,5.3,5.29,6.96,6.9,7.71,8.78,9.52,8.61,10.11,10.83,12.33,13.69,53.41291,-8.24389
Iran,IRN,Consommation d’énergies renouvelables (% de la consommation totale d’énergie),,1.24,1.23,1.45,1.53,1.09,1.02,1.03,0.9,0.84,0.59,0.44,0.52,0.67,0.83,0.74,1.4,1.4,1.3,0.7,0.78,0.9,0.92,0.93,0.99,0.93,0.91,1.04,0.98,1.0,1.0,,32.427908,53.688046
Iraq,IRQ,Consommation d’énergies renouvelables (% de la consommation totale d’énergie),EG.FEC.RNEW.ZS,1.6,0.75,0.49,0.41,0.37,0.39,0.36,0.38,0.38,0.38,0.36,0.35,0.31,0.35,0.36,2.43,2.56,2.0,1.15,1.21,1.67,1.14,1.3,1.46,1.0,0.82,0.94,0.57,0.49,1.04,1.08,33.223191,43.679291
Islande,ISL,Consommation d’énergies renouvelables (% de la consommation totale d’énergie),EG.FEC.RNEW.ZS,54.67,54.79,54.63,54.66,54.14,55.65,52.25,54.88,57.21,59.82,60.66,62.12,61.84,61.88,61.88,62.7,64.19,67.5,73.92,74.61,75.89,77.12,77.71,76.62,76.95,77.76,80.77,80.68,81.26,81.57,82.79,64.963051,-19.020835
Israël,ISR,Consommation d’énergies renouvelables (% de la consommation totale d’énergie),EG.FEC.RNEW.ZS,5.8,6.03,6.24,5.89,5.65,5.44,5.45,5.7,6.07,5.86,5.96,6.3,6.5,6.52,6.73,7.03,6.86,6.72,8.9,8.46,8.55,9.08,2.88,3.27,3.7,3.74,3.99,3.89,3.85,4.49,5.61,31.046051,34.851612
Italie,ITA,Consommation d’énergies renouvelables (% de la consommation totale d’énergie),EG.FEC.RNEW.ZS,3.78,4.67,4.84,4.77,5.25,4.46,4.75,4.83,4.76,5.02,5.12,5.38,5.6,6.24,5.94,6.7,7.51,8.73,10.82,12.54,12.79,11.9,14.39,16.32,17.13,16.57,16.09,16.43,17.08,17.27,18.69,41.87194,12.56738
Jamaïque,JAM,Consommation d’énergies renouvelables (% de la consommation totale d’énergie),EG.FEC.RNEW.ZS,12.47,12.37,13.08,14.31,12.62,13.72,12.57,12.93,10.46,9.99,9.36,7.94,8.07,8.18,6.4,5.43,4.82,5.35,5.99,7.5,8.99,9.84,12.16,11.39,11.88,12.12,11.13,10.98,8.88,9.2,11.43,18.109581,-77.297508
Jordanie,JOR,Consommation d’énergies renouvelables (% de la consommation totale d’énergie),EG.FEC.RNEW.ZS,2.77,2.88,2.53,2.51,2.32,2.21,2.18,2.13,2.19,2.18,2.09,2.12,2.09,1.98,1.83,1.69,2.28,2.32,2.74,2.78,2.95,3.0,2.91,3.12,3.1,3.19,4.67,5.26,7.17,8.46,11.04,30.585164,36.238414
Japon,JPN,Consommation d’énergies renouvelables (% de la consommation totale d’énergie),EG.FEC.RNEW.ZS,4.34,4.47,4.0,4.24,3.34,3.69,3.58,3.82,3.82,3.66,3.7,3.5,3.71,4.19,4.26,4.01,4.43,4.28,4.44,4.51,4.66,4.82,4.68,5.05,5.58,6.16,6.38,6.92,7.26,7.76,8.45,36.204824,138.252924
Kazakhstan,KAZ,Consommation d’énergies renouvelables (% de la consommation totale d’énergie),EG.FEC.RNEW.ZS,1.41,1.29,1.17,1.34,1.83,1.58,1.63,1.67,1.54,1.79,2.5,2.41,2.77,2.28,1.89,2.09,2.13,1.83,1.15,1.31,1.38,1.38,1.33,1.16,1.34,1.72,2.07,2.01,1.88,1.85,1.78,48.019573,66.923684
Kenya,KEN,Consommation d’énergies renouvelables (% de la consommation totale d’énergie),EG.FEC.RNEW.ZS,77.23,78.56,79.18,79.96,80.24,79.13,78.31,79.22,79.07,78.87,78.15,79.63,80.14,82.87,81.67,80.69,79.26,79.78,79.87,77.61,76.11,76.79,78.25,76.55,74.31,71.96,71.07,71.03,71.63,71.42,72.5,-0.023559,37.906193
République kirghize,KGZ,Consommation d’énergies renouvelables (% de la consommation totale d’énergie),EG.FEC.RNEW.ZS,7.93,9.02,12.99,16.2,26.51,34.97,29.49,28.75,25.07,34.54,35.16,36.0,28.3,30.51,27.71,28.03,27.76,24.49,22.04,24.73,25.59,25.95,22.45,24.81,26.6,23.51,22.16,24.73,23.39,28.31,30.04,41.20438,74.766098
Cambodge,KHM,Consommation d’énergies renouvelables (% de la consommation totale d’énergie),EG.FEC.RNEW.ZS,,,,,,82.54,82.52,82.21,81.33,81.53,81.58,80.51,80.97,79.92,80.69,79.24,78.01,74.79,74.13,68.04,64.82,63.99,64.36,64.97,63.7,60.63,58.0,56.32,58.15,53.05,51.41,12.565679,104.990963
Kiribati,KIR,Consommation d’énergies renouvelables (% de la consommation totale d’énergie),EG.FEC.RNEW.ZS,64.04,63.55,63.21,59.26,59.87,59.12,55.34,57.49,59.09,59.81,54.73,56.39,53.05,50.52,50.55,48.51,48.12,48.42,49.74,50.82,50.24,50.57,48.76,46.15,48.0,47.33,48.09,42.66,42.52,42.59,42.75,-3.370417,-168.734039
Saint-Kitts-et-Nevis,KNA,Consommation d’énergies renouvelables (% de la consommation totale d’énergie),EG.FEC.RNEW.ZS,39.85,33.92,33.65,38.62,41.07,36.5,30.35,33.92,31.99,27.25,26.37,25.96,24.34,26.3,21.98,25.3,0.01,0.01,0.01,0.01,0.97,0.92,1.31,1.38,1.63,1.63,1.69,1.28,1.31,1.29,1.36,17.357822,-62.782998
Corée,KOR,Consommation d’énergies renouvelables (% de la consommation totale d’énergie),,1.63,0.96,0.75,0.73,0.44,0.44,0.61,0.68,0.95,0.79,0.7,0.69,0.7,0.85,0.77,0.87,0.95,1.03,1.06,1.21,1.32,1.35,1.61,1.92,2.87,2.74,2.56,2.84,3.18,3.23,,35.907757,127.766922
Corée,KOR,Consommation d’énergies renouvelables (% de la consommation totale d’énergie),,1.63,0.96,0.75,0.73,0.44,0.44,0.61,0.68,0.95,0.79,0.7,0.69,0.7,0.85,0.77,0.87,0.95,1.03,1.06,1.21,1.32,1.35,1.61,1.92,2.87,2.74,2.56,2.84,3.18,3.23,,35.907757,127.766922
Koweït,KWT,Consommation d’énergies renouvelables (% de la consommation totale d’énergie),EG.FEC.RNEW.ZS,0.17,0.35,0.17,0.06,0.04,0.12,0.07,0.0,0.0,0.0,0.0,0.0,0.0,0.0,0.0,0.0,0.0,0.0,0.0,0.0,0.0,0.0,0.0,0.0,0.0,0.01,0.01,0.02,0.03,0.06,0.1,29.31166,47.481766
République démocratique populaire lao,LAO,Consommation d’énergies renouvelables (% de la consommation totale d’énergie),EG.FEC.RNEW.ZS,88.4,88.03,86.98,86.72,86.29,85.63,84.92,84.57,86.56,86.62,81.54,81.09,80.19,78.74,73.98,73.93,69.81,70.67,69.27,66.45,64.85,63.63,62.36,58.57,58.25,53.27,51.7,50.58,50.21,48.72,49.91,19.85627,102.495496
République démocratique populaire lao,LAO,Consommation d’énergies renouvelables (% de la consommation totale d’énergie),EG.FEC.RNEW.ZS,88.4,88.03,86.98,86.72,86.29,85.63,84.92,84.57,86.56,86.62,81.54,81.09,80.19,78.74,73.98,73.93,69.81,70.67,69.27,66.45,64.85,63.63,62.36,58.57,58.25,53.27,51.7,50.58,50.21,48.72,49.91,19.85627,102.495496
Liban,LBN,Consommation d’énergies renouvelables (% de la consommation totale d’énergie),EG.FEC.RNEW.ZS,11.34,8.53,8.04,5.44,5.34,4.4,5.01,4.38,5.46,4.25,4.91,4.67,5.99,7.39,6.58,6.97,7.04,7.94,5.4,4.31,5.7,6.18,5.56,5.92,4.24,4.17,3.96,3.97,4.75,5.13,6.71,33.854721,35.862285
Libéria,LBR,Consommation d’énergies renouvelables (% de la consommation totale d’énergie),EG.FEC.RNEW.ZS,89.14,90.11,88.99,87.65,87.07,86.95,87.46,88.1,88.52,90.47,91.34,91.57,91.14,90.35,89.56,87.76,87.59,89.83,91.84,91.81,88.58,87.09,86.2,87.53,91.16,91.93,92.78,93.56,94.42,89.71,92.96,6.428055,-9.429499
Libye,LBY,Consommation d’énergies renouvelables (% de la consommation totale d’énergie),EG.FEC.RNEW.ZS,3.13,3.01,2.89,2.7,2.36,2.19,2.1,2.12,2.15,2.05,2.04,2.92,2.86,2.85,2.73,2.61,2.79,2.95,2.78,2.51,2.37,3.16,2.66,2.39,2.31,3.05,2.82,3.0,2.98,3.0,3.12,26.3351,17.228331
Sainte-Lucie,LCA,Consommation d’énergies renouvelables (% de la consommation totale d’énergie),EG.FEC.RNEW.ZS,43.15,41.22,36.67,33.79,30.79,29.71,27.4,27.7,25.14,24.01,24.05,22.23,21.73,20.02,18.43,18.44,16.94,16.26,15.53,15.08,13.22,12.93,12.39,12.1,11.72,11.52,11.17,10.22,10.22,10.02,9.96,13.909444,-60.978893
Liechtenstein,LIE,Consommation d’énergies renouvelables (% de la consommation totale d’énergie),EG.FEC.RNEW.ZS,64.8,59.77,57.7,56.07,56.5,55.0,51.81,53.18,52.57,52.04,53.95,51.59,51.26,50.24,50.31,49.87,50.84,53.36,52.96,55.15,52.31,55.26,55.5,53.53,54.97,55.53,55.82,55.33,56.81,56.13,55.21,47.166,9.555373
Sri Lanka,LKA,Consommation d’énergies renouvelables (% de la consommation totale d’énergie),EG.FEC.RNEW.ZS,78.09,77.96,75.28,74.19,70.58,69.94,64.42,65.91,64.15,63.25,64.16,62.93,62.1,61.31,61.61,60.08,62.18,60.2,61.58,63.51,61.85,56.42,52.86,56.88,54.23,51.27,45.13,45.78,47.86,46.13,49.32,7.873054,80.771797
Lesotho,LSO,Consommation d’énergies renouvelables (% de la consommation totale d’énergie),EG.FEC.RNEW.ZS,52.03,51.95,51.36,50.99,50.81,50.78,50.79,50.6,50.62,56.88,56.7,56.5,56.16,55.94,55.41,55.31,55.46,55.33,54.99,53.98,52.98,42.21,40.53,45.58,42.39,44.94,43.55,39.62,40.22,39.47,41.42,-29.609988,28.233608
Lituanie,LTU,Consommation d’énergies renouvelables (% de la consommation totale d’énergie),EG.FEC.RNEW.ZS,3.1,2.89,4.61,8.89,9.82,10.34,11.47,11.62,12.93,14.97,17.19,17.59,17.89,18.07,18.07,17.51,17.46,17.06,18.34,20.09,21.46,22.74,23.92,26.34,27.73,28.96,31.47,33.78,33.73,33.54,31.7,55.169438,23.881275
Luxembourg,LUX,Consommation d’énergies renouvelables (% de la consommation totale d’énergie),EG.FEC.RNEW.ZS,1.71,1.7,2.01,1.99,2.82,4.01,3.08,4.38,6.71,5.86,6.81,3.42,1.32,1.28,1.35,1.87,2.08,3.64,3.96,3.73,3.68,3.76,4.15,5.71,6.85,9.09,13.5,15.32,16.05,16.45,20.79,49.815273,6.129583
Lettonie,LVA,Consommation d’énergies renouvelables (% de la consommation totale d’énergie),EG.FEC.RNEW.ZS,17.57,18.68,21.59,25.38,28.34,32.43,32.03,32.89,35.35,36.33,35.82,35.35,34.38,34.34,36.11,36.3,34.0,33.08,33.71,38.4,33.07,35.54,40.37,39.6,40.24,38.1,38.48,42.6,40.97,41.48,43.75,56.879635,24.603189
Région administrative spéciale de Macao,MAC,Consommation d’énergies renouvelables (% de la consommation totale d’énergie),,0.66,0.65,0.6,0.55,0.52,0.5,0.41,0.19,0.19,0.19,0.18,0.8,1.19,2.16,2.2,2.0,2.49,3.42,4.66,2.97,5.49,6.37,11.13,16.61,11.45,5.41,5.38,3.87,8.43,8.43,,22.198745,113.543873
Région administrative spéciale de Macao,MAC,Consommation d’énergies renouvelables (% de la consommation totale d’énergie),,0.66,0.65,0.6,0.55,0.52,0.5,0.41,0.19,0.19,0.19,0.18,0.8,1.19,2.16,2.2,2.0,2.49,3.42,4.66,2.97,5.49,6.37,11.13,16.61,11.45,5.41,5.38,3.87,8.43,8.43,,22.198745,113.543873
Saint-Martin (fr),MAF,Consommation d’énergies renouvelables (% de la consommation totale d’énergie),EG.FEC.RNEW.ZS,,,,,,,,,,,,,,,,,,,,,,,,,,,,,,,,18.082502,-63.051991
Maroc,MAR,Consommation d’énergies renouvelables (% de la consommation totale d’énergie),EG.FEC.RNEW.ZS,19.49,19.56,18.14,17.64,17.06,17.17,17.85,17.52,16.88,15.41,15.26,15.12,14.94,15.71,22.97,20.13,18.12,16.45,14.6,14.25,13.91,11.87,10.93,11.59,11.14,11.25,11.07,10.45,10.86,10.57,10.92,31.791702,-7.09262
Monaco,MCO,Consommation d’énergies renouvelables (% de la consommation totale d’énergie),EG.FEC.RNEW.ZS,,,,,,,,,,,,,,,,,,,,,,,,,,,,,,,,43.750298,7.412841
Moldova,MDA,Consommation d’énergies renouvelables (% de la consommation totale d’énergie),EG.FEC.RNEW.ZS,1.14,1.62,2.18,2.39,2.58,2.84,3.66,3.85,4.08,4.87,5.72,5.6,5.83,5.92,4.85,4.27,4.98,4.44,4.93,4.84,20.01,20.37,22.14,23.82,24.31,24.73,25.3,26.07,25.75,22.04,23.66,47.411631,28.369885
Moldova,MDA,Consommation d’énergies renouvelables (% de la consommation totale d’énergie),EG.FEC.RNEW.ZS,1.14,1.62,2.18,2.39,2.58,2.84,3.66,3.85,4.08,4.87,5.72,5.6,5.83,5.92,4.85,4.27,4.98,4.44,4.93,4.84,20.01,20.37,22.14,23.82,24.31,24.73,25.3,26.07,25.75,22.04,23.66,47.411631,28.369885
Madagascar,MDG,Consommation d’énergies renouvelables (% de la consommation totale d’énergie),EG.FEC.RNEW.ZS,87.17,86.56,86.73,87.04,86.02,86.08,85.49,83.1,82.65,82.72,82.17,84.13,87.23,84.79,84.32,84.89,85.9,86.23,86.39,87.21,86.73,84.51,83.31,81.06,81.73,82.98,83.85,81.32,83.76,82.52,84.75,-18.766947,46.869107
Maldives,MDV,Consommation d’énergies renouvelables (% de la consommation totale d’énergie),EG.FEC.RNEW.ZS,4.46,4.45,3.13,3.82,4.02,3.32,3.16,2.72,3.03,2.2,2.34,2.26,1.78,2.22,1.67,1.95,1.63,1.52,1.53,1.49,1.36,1.34,1.2,1.26,1.2,1.43,1.21,1.25,1.12,1.11,1.28,3.202778,73.22068
Mexique,MEX,Consommation d’énergies renouvelables (% de la consommation totale d’énergie),EG.FEC.RNEW.ZS,14.41,13.2,13.43,13.3,11.86,13.26,13.07,12.7,12.24,12.75,12.17,11.34,10.68,10.17,10.21,10.31,9.82,9.46,9.77,9.17,9.36,9.07,8.97,9.23,9.76,9.19,9.22,9.99,10.16,10.27,12.33,23.634501,-102.552784
Îles Marshall,MHL,Consommation d’énergies renouvelables (% de la consommation totale d’énergie),EG.FEC.RNEW.ZS,0.0,0.0,19.34,19.0,19.44,19.38,19.63,19.69,19.56,19.45,19.57,19.08,18.63,18.56,18.4,18.38,16.96,15.21,14.78,13.96,13.72,12.35,12.03,12.37,12.15,11.72,12.13,12.01,12.03,12.08,11.97,7.131474,171.184478
Macédoine du Nord,MKD,Consommation d’énergies renouvelables (% de la consommation totale d’énergie),EG.FEC.RNEW.ZS,2.41,4.42,16.01,14.85,16.58,17.8,14.21,15.9,15.07,17.68,19.38,15.17,14.63,17.29,18.2,19.03,19.8,15.71,15.61,18.43,22.3,18.62,18.27,21.16,21.19,23.91,21.37,19.0,20.87,17.05,20.26,41.608635,21.745275
Mali,MLI,Consommation d’énergies renouvelables (% de la consommation totale d’énergie),EG.FEC.RNEW.ZS,87.23,87.6,86.89,86.56,85.6,85.1,85.39,84.56,84.84,84.57,83.47,82.1,83.58,85.79,81.53,82.33,81.65,78.87,75.0,78.69,79.2,78.85,78.73,80.92,80.65,81.14,74.54,71.45,70.59,66.91,63.84,17.570692,-3.996166
Malte,MLT,Consommation d’énergies renouvelables (% de la consommation totale d’énergie),EG.FEC.RNEW.ZS,0.0,0.0,0.0,0.0,0.0,0.0,0.0,0.0,0.0,0.0,0.0,0.0,0.09,0.1,0.12,0.14,0.17,0.2,0.22,0.26,1.22,1.97,2.67,3.24,4.48,5.98,9.24,7.27,7.56,7.4,9.18,35.937496,14.375416
Myanmar,MMR,Consommation d’énergies renouvelables (% de la consommation totale d’énergie),EG.FEC.RNEW.ZS,90.91,91.12,90.79,89.25,87.97,85.22,84.61,85.16,83.36,81.91,80.17,82.48,83.05,79.86,80.25,79.58,81.32,80.5,85.62,85.77,84.93,84.08,78.46,75.96,72.43,70.43,69.25,59.92,59.85,58.89,59.75,21.913965,95.956223
Monténégro,MNE,Consommation d’énergies renouvelables (% de la consommation totale d’énergie),EG.FEC.RNEW.ZS,,,,,,,,,,,,,,,,47.61,44.83,42.27,38.76,49.16,49.09,42.77,45.86,49.34,45.95,42.96,43.89,37.77,40.6,38.74,39.56,42.708678,19.37439
Mongolie,MNG,Consommation d’énergies renouvelables (% de la consommation totale d’énergie),EG.FEC.RNEW.ZS,1.89,1.97,2.4,2.67,3.04,3.01,3.44,3.39,3.74,3.59,5.73,6.09,6.51,6.09,5.76,5.34,4.48,4.7,4.66,4.43,4.46,4.04,2.97,3.01,3.34,3.55,3.39,3.19,3.26,3.32,3.98,46.862496,103.846656
Mariannes,MNP,Consommation d’énergies renouvelables (% de la consommation totale d’énergie),EG.FEC.RNEW.ZS,0.0,0.0,0.0,0.0,0.0,0.0,0.0,0.0,0.0,0.0,0.0,0.0,0.0,0.0,0.0,0.0,0.0,0.0,0.0,0.0,0.0,0.0,0.0,0.0,0.0,0.0,0.0,0.0,0.0,0.0,0.32,17.33083,145.38469
Mozambique,MOZ,Consommation d’énergies renouvelables (% de la consommation totale d’énergie),EG.FEC.RNEW.ZS,92.99,94.2,92.99,91.82,93.08,92.76,93.07,92.6,93.99,94.19,93.64,93.01,93.22,92.73,92.94,93.67,93.06,87.53,88.11,86.12,84.89,86.21,85.31,83.94,82.06,80.94,78.33,79.05,79.81,78.34,80.91,-18.665695,35.529562
Mauritanie,MRT,Consommation d’énergies renouvelables (% de la consommation totale d’énergie),EG.FEC.RNEW.ZS,47.0,46.66,46.42,46.06,45.49,45.25,43.88,43.81,46.01,43.93,44.41,44.18,42.13,40.17,38.59,38.77,39.12,35.63,35.8,33.43,34.0,33.28,31.84,35.02,30.92,28.2,31.66,26.54,25.17,24.98,23.78,21.00789,-10.940835
Maurice,MUS,Consommation d’énergies renouvelables (% de la consommation totale d’énergie),EG.FEC.RNEW.ZS,47.07,43.35,43.16,38.78,35.43,38.84,35.57,36.45,33.53,20.95,20.42,20.08,17.93,18.9,19.08,17.65,16.41,15.69,12.73,12.78,12.77,12.01,11.45,11.39,10.59,11.49,10.33,9.42,9.19,8.94,9.41,-20.348404,57.552152
Malawi,MWI,Consommation d’énergies renouvelables (% de la consommation totale d’énergie),EG.FEC.RNEW.ZS,84.0,82.63,82.71,81.33,82.02,81.69,81.43,81.2,81.9,81.03,82.62,83.13,83.3,82.83,82.45,83.17,82.8,82.21,80.39,80.01,81.21,80.17,80.2,79.76,82.78,80.98,78.91,76.92,73.19,72.1,70.26,-13.254308,34.301525
Malaisie,MYS,Consommation d’énergies renouvelables (% de la consommation totale d’énergie),EG.FEC.RNEW.ZS,8.42,7.69,6.99,6.78,6.91,6.16,4.9,4.21,4.58,4.92,4.44,4.26,3.57,3.33,3.22,3.01,3.13,2.85,3.04,2.27,1.96,2.16,2.52,2.75,3.03,3.41,4.43,5.22,5.31,5.59,5.84,4.210484,101.975766
Namibie,NAM,Consommation d’énergies renouvelables (% de la consommation totale d’énergie),EG.FEC.RNEW.ZS,,42.54,40.32,38.07,32.85,32.13,31.42,30.54,31.69,32.69,34.73,30.32,33.7,33.26,34.78,34.54,35.72,36.52,32.49,33.36,31.21,31.62,31.87,30.7,30.19,29.32,29.21,30.21,30.85,30.23,31.3,-22.95764,18.49041
Nouvelle-Calédonie,NCL,Consommation d’énergies renouvelables (% de la consommation totale d’énergie),EG.FEC.RNEW.ZS,10.58,7.85,7.02,5.79,5.84,4.8,7.07,8.03,8.48,9.48,7.54,6.72,5.28,4.93,5.2,5.08,4.52,5.82,7.78,6.95,4.85,5.93,6.17,6.56,4.29,5.09,3.7,5.08,4.62,5.23,6.04,-20.904305,165.618042
Niger,NER,Consommation d’énergies renouvelables (% de la consommation totale d’énergie),EG.FEC.RNEW.ZS,91.36,92.14,92.81,92.03,92.57,93.41,91.88,93.54,93.13,92.97,87.62,87.7,87.74,86.97,86.99,87.54,87.43,86.17,86.06,83.25,80.67,77.23,72.71,78.7,78.08,78.88,80.25,82.01,81.97,80.74,81.91,17.607789,8.081666
Nigéria,NGA,Consommation d’énergies renouvelables (% de la consommation totale d’énergie),EG.FEC.RNEW.ZS,87.78,86.51,84.52,86.33,88.61,88.03,87.11,85.56,87.15,87.15,86.21,84.67,84.6,82.95,84.05,84.01,85.93,87.28,86.25,88.68,86.46,84.63,84.57,82.19,80.64,82.18,82.02,82.32,81.64,80.81,82.51,9.081999,8.675277
Nicaragua,NIC,Consommation d’énergies renouvelables (% de la consommation totale d’énergie),EG.FEC.RNEW.ZS,68.83,70.59,67.17,67.65,64.57,64.59,63.92,62.8,60.47,59.44,58.42,56.66,54.67,51.49,51.17,52.76,53.29,52.61,53.77,54.56,54.44,53.3,53.27,54.28,53.02,50.0,49.54,48.91,51.44,50.72,52.13,12.865416,-85.207229
Pays-Bas,NLD,Consommation d’énergies renouvelables (% de la consommation totale d’énergie),EG.FEC.RNEW.ZS,1.18,1.15,1.19,1.19,1.24,1.25,1.27,1.48,1.55,1.63,1.73,1.76,1.92,1.91,2.22,2.74,3.12,3.68,3.94,4.38,3.85,4.69,4.9,4.94,5.53,5.75,5.62,6.39,7.44,8.61,10.79,52.132633,5.291266
Norvège,NOR,Consommation d’énergies renouvelables (% de la consommation totale d’énergie),EG.FEC.RNEW.ZS,59.17,60.78,61.37,61.09,60.39,60.04,57.85,58.83,59.51,59.41,60.18,59.59,59.47,56.23,56.85,58.56,57.02,57.36,58.45,56.72,56.71,56.71,57.68,57.24,56.32,57.28,58.37,59.52,59.74,60.6,61.29,60.472024,8.468946
Népal,NPL,Consommation d’énergies renouvelables (% de la consommation totale d’énergie),EG.FEC.RNEW.ZS,95.12,94.19,94.16,93.55,92.38,91.73,91.52,90.71,90.49,88.05,88.29,87.76,89.95,89.44,90.3,89.52,91.25,91.31,90.47,88.93,87.29,86.95,84.7,86.05,84.06,85.04,79.2,76.41,74.29,77.18,74.54,28.394857,84.124008
Nauru,NRU,Consommation d’énergies renouvelables (% de la consommation totale d’énergie),EG.FEC.RNEW.ZS,0.0,0.0,0.0,0.0,0.0,0.0,0.0,0.0,0.0,0.0,0.0,0.0,0.0,0.0,0.0,0.0,0.07,0.08,0.08,0.04,0.03,0.05,0.07,0.06,0.05,0.1,0.18,0.6,0.66,0.62,1.4,-0.522778,166.931503
Nouvelle-Zélande,NZL,Consommation d’énergies renouvelables (% de la consommation totale d’énergie),EG.FEC.RNEW.ZS,27.97,27.57,25.58,27.27,28.17,28.73,27.63,25.88,27.27,26.43,26.44,24.64,26.56,25.9,28.21,26.79,27.0,27.05,26.13,28.47,29.37,30.31,28.76,28.29,28.99,29.32,30.09,28.4,28.93,27.93,28.61,-40.900557,174.885971
Oman,OMN,Consommation d’énergies renouvelables (% de la consommation totale d’énergie),EG.FEC.RNEW.ZS,0.0,0.0,0.0,0.0,0.0,0.0,0.0,0.0,0.0,0.0,0.0,0.0,0.0,0.0,0.0,0.0,0.0,0.0,0.0,0.0,0.0,0.0,0.0,0.0,0.0,0.0,0.0,0.01,0.01,0.01,0.05,21.512583,55.923255
Pakistan,PAK,Consommation d’énergies renouvelables (% de la consommation totale d’énergie),EG.FEC.RNEW.ZS,57.5,58.09,55.98,54.15,54.2,53.13,52.17,51.94,51.61,50.24,51.05,51.54,51.39,50.09,47.93,47.96,47.04,44.85,46.63,46.43,47.4,46.76,47.2,48.13,47.22,45.88,43.69,42.1,43.36,45.88,46.6,30.375321,69.345116
Panama,PAN,Consommation d’énergies renouvelables (% de la consommation totale d’énergie),EG.FEC.RNEW.ZS,43.02,40.7,39.67,39.88,37.78,34.76,36.83,36.53,31.44,33.72,27.67,24.04,28.71,27.45,28.21,22.77,22.09,22.79,23.36,20.37,20.65,19.73,21.25,20.71,19.78,21.9,22.1,23.6,24.44,18.91,28.43,8.537981,-80.782127
Pérou,PER,Consommation d’énergies renouvelables (% de la consommation totale d’énergie),EG.FEC.RNEW.ZS,39.43,39.92,37.31,37.08,35.94,33.28,31.72,31.74,39.38,36.69,38.57,41.23,40.21,40.91,37.83,38.35,38.7,36.05,33.71,32.92,32.17,30.63,30.8,28.35,28.56,27.43,27.2,27.59,27.89,27.14,31.62,-9.189967,-75.015152
Philippines,PHL,Consommation d’énergies renouvelables (% de la consommation totale d’énergie),EG.FEC.RNEW.ZS,49.28,51.05,47.53,43.91,42.92,37.62,35.71,33.24,32.76,33.55,33.84,32.8,31.76,30.81,30.1,31.22,33.17,32.26,33.73,33.97,32.6,33.71,34.06,33.05,32.33,30.75,28.51,27.69,27.53,26.8,29.06,12.879721,121.774017
Palaos,PLW,Consommation d’énergies renouvelables (% de la consommation totale d’énergie),EG.FEC.RNEW.ZS,0.0,0.0,0.0,0.0,0.0,0.0,0.0,0.0,0.0,0.0,0.0,0.0,0.0,0.0,0.0,0.0,0.0,0.0,0.0,0.0,0.0,0.0,0.0,0.0,0.27,0.37,0.57,0.56,0.59,0.86,0.87,7.51498,134.58252
Papouasie-Nouvelle-Guinée,PNG,Consommation d’énergies renouvelables (% de la consommation totale d’énergie),EG.FEC.RNEW.ZS,71.65,71.67,71.59,71.25,69.4,70.73,69.93,68.67,67.69,68.71,66.38,63.44,62.49,60.4,57.48,58.56,58.86,57.13,56.93,56.02,55.25,54.73,55.45,58.27,56.82,55.15,54.56,54.45,52.96,53.12,54.28,-6.314993,143.95555
Pologne,POL,Consommation d’énergies renouvelables (% de la consommation totale d’énergie),EG.FEC.RNEW.ZS,2.5,2.06,2.3,6.13,6.2,6.33,5.87,5.98,6.54,6.41,6.93,7.29,7.49,7.29,7.31,7.22,7.18,7.28,8.01,8.84,9.49,10.44,10.91,11.41,11.58,11.87,11.34,11.13,15.05,15.62,16.14,51.919438,19.145136
Porto Rico,PRI,Consommation d’énergies renouvelables (% de la consommation totale d’énergie),EG.FEC.RNEW.ZS,1.75,1.79,1.77,0.8,0.25,0.53,0.74,0.46,0.52,0.72,0.55,0.54,0.5,0.5,0.5,0.56,0.48,0.49,0.51,0.52,0.69,0.66,0.53,1.38,1.65,1.86,1.89,2.26,1.36,2.42,2.46,18.220833,-66.590149
Corée,PRK,Consommation d’énergies renouvelables (% de la consommation totale d’énergie),,7.19,7.53,7.74,8.0,8.99,9.6,10.2,9.64,9.89,9.38,8.72,8.62,9.02,9.26,9.37,9.23,8.96,10.9,10.2,12.42,13.61,18.27,17.83,24.05,21.23,23.31,23.27,11.98,13.19,11.31,,40.339852,127.510093
Portugal,PRT,Consommation d’énergies renouvelables (% de la consommation totale d’énergie),EG.FEC.RNEW.ZS,26.95,25.79,22.4,24.37,24.95,23.74,25.35,24.55,22.43,19.02,20.12,20.83,18.28,22.09,19.87,18.07,22.33,23.15,23.19,24.9,27.83,27.22,25.52,30.17,30.46,27.21,29.0,24.42,27.47,28.19,31.21,39.399872,-8.224454
Paraguay,PRY,Consommation d’énergies renouvelables (% de la consommation totale d’énergie),EG.FEC.RNEW.ZS,78.51,79.15,75.73,72.62,69.88,70.17,70.76,69.52,67.44,65.88,70.41,69.84,67.68,67.05,66.75,68.81,66.46,68.44,65.81,65.36,63.61,62.46,63.43,62.55,62.54,60.51,62.49,60.12,59.24,60.09,61.44,-23.442503,-58.443832
Cisjordanie et Gaza,PSE,Consommation d’énergies renouvelables (% de la consommation totale d’énergie),EG.FEC.RNEW.ZS,22.08,21.96,21.53,21.26,20.97,20.96,20.24,17.18,16.36,15.89,17.52,17.12,21.8,21.68,23.08,22.78,18.08,20.48,20.1,16.54,14.06,15.42,12.24,11.74,10.76,10.99,12.32,10.51,12.73,13.86,15.02,31.952162,35.233154
Polynésie française,PYF,Consommation d’énergies renouvelables (% de la consommation totale d’énergie),EG.FEC.RNEW.ZS,4.26,4.32,6.91,7.21,6.82,8.28,7.4,7.43,10.13,7.08,8.79,6.74,6.22,7.19,7.71,7.98,10.1,9.76,9.33,9.32,7.47,6.89,6.64,6.49,7.45,7.83,8.08,8.07,7.72,7.67,8.13,-17.679742,-149.406843
Qatar,QAT,Consommation d’énergies renouvelables (% de la consommation totale d’énergie),EG.FEC.RNEW.ZS,0.25,0.25,0.08,0.05,0.05,0.11,0.1,0.07,0.07,0.09,0.08,0.14,0.07,0.05,0.03,0.03,0.1,0.07,0.11,0.07,0.13,0.14,0.04,0.04,0.05,0.05,0.06,0.07,0.05,0.06,0.06,25.354826,51.183884
Roumanie,ROU,Consommation d’énergies renouvelables (% de la consommation totale d’énergie),EG.FEC.RNEW.ZS,3.36,4.97,5.61,7.2,7.64,8.6,11.92,15.75,16.28,17.74,16.37,13.4,14.4,15.67,17.28,18.48,17.39,18.16,20.4,22.15,24.08,21.1,21.53,23.07,24.31,23.67,24.4,23.35,23.03,23.54,24.06,45.943161,24.96676
Fédération de Russie,RUS,Consommation d’énergies renouvelables (% de la consommation totale d’énergie),EG.FEC.RNEW.ZS,3.75,3.77,3.98,4.04,3.87,3.87,3.69,3.75,3.58,3.82,3.5,3.62,3.46,3.28,3.55,3.61,3.48,3.67,3.31,3.6,3.34,3.23,3.24,3.61,3.3,3.2,3.36,3.25,3.18,3.22,3.72,61.52401,105.318756
Fédération de Russie,RUS,Consommation d’énergies renouvelables (% de la consommation totale d’énergie),EG.FEC.RNEW.ZS,3.75,3.77,3.98,4.04,3.87,3.87,3.69,3.75,3.58,3.82,3.5,3.62,3.46,3.28,3.55,3.61,3.48,3.67,3.31,3.6,3.34,3.23,3.24,3.61,3.3,3.2,3.36,3.25,3.18,3.22,3.72,61.52401,105.318756
Rwanda,RWA,Consommation d’énergies renouvelables (% de la consommation totale d’énergie),EG.FEC.RNEW.ZS,80.09,81.83,81.56,81.33,78.54,88.36,89.15,91.12,90.81,90.76,86.78,86.89,87.13,87.3,87.55,89.25,90.59,90.31,90.63,90.54,90.47,89.7,88.78,88.47,87.95,86.31,85.5,84.46,82.82,81.8,81.7,-1.940278,29.873888
Arabie saoudite,SAU,Consommation d’énergies renouvelables (% de la consommation totale d’énergie),EG.FEC.RNEW.ZS,0.04,0.04,0.02,0.02,0.03,0.03,0.01,0.01,0.01,0.01,0.01,0.01,0.01,0.01,0.01,0.01,0.01,0.01,0.01,0.01,0.01,0.01,0.01,0.01,0.01,0.01,0.01,0.01,0.01,0.03,0.06,23.885942,45.079162
Soudan,SDN,Consommation d’énergies renouvelables (% de la consommation totale d’énergie),EG.FEC.RNEW.ZS,73.27,76.17,77.4,85.63,79.49,81.47,83.61,80.53,81.9,80.85,80.42,79.38,76.76,77.0,75.4,72.28,69.25,65.62,63.49,63.1,61.31,63.66,63.74,64.3,63.77,61.91,58.85,59.38,59.74,59.64,62.13,12.862807,30.217636
Sénégal,SEN,Consommation d’énergies renouvelables (% de la consommation totale d’énergie),EG.FEC.RNEW.ZS,55.55,55.28,53.67,55.09,54.75,53.18,52.47,50.68,48.03,45.85,47.52,45.83,43.76,43.66,39.88,40.32,43.35,40.01,39.81,51.31,49.55,47.97,49.6,42.69,42.53,39.11,36.72,37.93,36.01,36.89,38.64,14.497401,-14.452362
Singapour,SGP,Consommation d’énergies renouvelables (% de la consommation totale d’énergie),EG.FEC.RNEW.ZS,0.19,0.5,0.53,0.52,0.48,0.45,0.46,0.43,0.43,0.43,0.33,0.6,0.58,0.58,0.53,0.54,0.52,0.5,0.53,0.48,0.47,0.48,0.51,0.56,0.59,0.65,0.71,0.7,0.78,0.89,0.92,1.352083,103.819836
Îles Salomon,SLB,Consommation d’énergies renouvelables (% de la consommation totale d’énergie),EG.FEC.RNEW.ZS,60.16,58.97,57.7,56.11,54.45,54.09,52.5,53.13,52.46,55.27,55.26,54.14,52.82,51.46,49.91,49.7,48.93,47.42,46.69,45.79,45.07,43.61,43.82,41.83,45.89,48.64,48.7,48.98,48.64,48.36,49.01,-9.64571,160.156194
Sierra Leone,SLE,Consommation d’énergies renouvelables (% de la consommation totale d’énergie),EG.FEC.RNEW.ZS,92.33,91.8,92.53,92.97,92.72,93.83,94.3,94.51,94.63,94.96,93.32,91.16,87.96,86.54,86.54,88.11,84.37,86.35,86.04,86.14,84.89,81.0,79.06,74.62,73.04,74.03,73.61,74.58,75.86,75.44,75.07,8.460555,-11.779889
El Salvador,SLV,Consommation d’énergies renouvelables (% de la consommation totale d’énergie),EG.FEC.RNEW.ZS,67.14,64.73,61.69,59.34,57.19,54.71,56.93,53.01,51.72,51.03,33.51,33.11,34.02,33.85,33.33,34.08,34.76,28.24,31.5,32.2,32.62,29.52,30.27,27.54,23.95,21.03,20.71,24.99,23.21,19.38,23.7,13.794185,-88.89653
Saint-Marin,SMR,Consommation d’énergies renouvelables (% de la consommation totale d’énergie),EG.FEC.RNEW.ZS,,,,,,,,,,,,,,,,,,,,,,,,,,,,,,,,43.94236,12.457777
Somalie,SOM,Consommation d’énergies renouvelables (% de la consommation totale d’énergie),EG.FEC.RNEW.ZS,86.29,87.56,88.81,89.4,89.91,90.57,91.05,91.73,92.47,92.9,93.28,93.26,92.58,92.8,93.0,93.3,93.47,93.02,93.37,93.63,93.57,93.65,93.9,94.4,94.64,94.5,94.78,94.9,94.93,95.03,95.52,5.152149,46.199616
Serbie,SRB,Consommation d’énergies renouvelables (% de la consommation totale d’énergie),EG.FEC.RNEW.ZS,14.53,17.21,17.82,19.24,20.92,23.32,18.0,15.23,15.5,22.1,22.09,19.55,18.01,15.67,14.64,16.1,15.33,14.03,15.5,20.68,20.47,17.44,19.47,20.03,23.25,21.24,20.91,20.0,21.05,21.53,26.01,44.016521,21.005859
Soudan du Sud,SSD,Consommation d’énergies renouvelables (% de la consommation totale d’énergie),EG.FEC.RNEW.ZS,,,,,,,,,,,,,,,,,,,,,,,30.56,30.13,29.26,27.49,28.67,35.13,31.55,31.56,33.22,8.0,30.0
Sao Tomé-et-Principe,STP,Consommation d’énergies renouvelables (% de la consommation totale d’énergie),EG.FEC.RNEW.ZS,50.93,50.93,54.18,54.45,53.44,53.94,55.63,56.08,55.06,56.68,54.73,55.47,55.34,51.81,48.92,47.94,47.33,47.69,46.04,45.41,38.2,42.38,40.15,42.77,38.39,39.24,38.06,39.24,40.59,38.62,41.61,0.18636,6.613081
Sao Tomé-et-Principe,STP,Consommation d’énergies renouvelables (% de la consommation totale d’énergie),EG.FEC.RNEW.ZS,50.93,50.93,54.18,54.45,53.44,53.94,55.63,56.08,55.06,56.68,54.73,55.47,55.34,51.81,48.92,47.94,47.33,47.69,46.04,45.41,38.2,42.38,40.15,42.77,38.39,39.24,38.06,39.24,40.59,38.62,41.61,0.18636,6.613081
Suriname,SUR,Consommation d’énergies renouvelables (% de la consommation totale d’énergie),EG.FEC.RNEW.ZS,,,,,,,,,,,23.63,24.14,27.79,24.64,22.63,18.88,22.09,24.59,26.19,26.47,22.1,21.16,15.77,17.63,12.85,11.59,11.1,15.53,18.32,14.84,14.66,3.919305,-56.027783
République slovaque,SVK,Consommation d’énergies renouvelables (% de la consommation totale d’énergie),EG.FEC.RNEW.ZS,2.23,2.09,2.32,4.1,4.72,4.21,3.9,3.85,3.63,3.8,3.73,6.0,5.48,5.35,6.25,6.31,6.57,8.23,7.63,10.0,10.28,10.36,10.47,10.68,12.24,13.41,13.09,12.43,12.43,17.64,17.64,48.669026,19.699024
Slovénie,SVN,Consommation d’énergies renouvelables (% de la consommation totale d’énergie),EG.FEC.RNEW.ZS,12.35,13.13,13.9,12.36,12.34,11.49,11.09,10.23,11.09,10.95,17.96,18.67,16.31,16.9,17.77,18.58,17.36,18.35,17.63,19.57,20.07,19.14,20.22,22.48,22.91,21.38,20.96,19.71,20.63,20.86,22.4,46.151241,14.995463
Suède,SWE,Consommation d’énergies renouvelables (% de la consommation totale d’énergie),EG.FEC.RNEW.ZS,34.06,32.46,33.23,34.39,31.36,33.92,31.36,35.51,35.53,34.63,39.82,37.38,35.85,34.56,35.49,39.3,40.08,41.75,43.2,45.71,44.7,45.43,48.29,47.27,48.61,51.91,50.89,51.82,51.56,52.87,58.4,60.128161,18.643501
Eswatini,SWZ,Consommation d’énergies renouvelables (% de la consommation totale d’énergie),EG.FEC.RNEW.ZS,62.23,61.78,63.23,62.17,55.32,54.65,63.0,54.96,56.79,56.02,59.39,61.24,63.65,65.6,65.64,66.56,71.42,71.35,72.68,70.83,72.39,72.52,71.41,69.7,71.67,71.68,69.61,65.35,65.72,65.47,66.01,-26.522503,31.465866
Eswatini,SWZ,Consommation d’énergies renouvelables (% de la consommation totale d’énergie),EG.FEC.RNEW.ZS,62.23,61.78,63.23,62.17,55.32,54.65,63.0,54.96,56.79,56.02,59.39,61.24,63.65,65.6,65.64,66.56,71.42,71.35,72.68,70.83,72.39,72.52,71.41,69.7,71.67,71.68,69.61,65.35,65.72,65.47,66.01,-26.522503,31.465866
Sint Maarten (Dutch part),SXM,Consommation d’énergies renouvelables (% de la consommation totale d’énergie),EG.FEC.RNEW.ZS,0.0,0.0,0.0,0.0,0.0,0.0,0.0,0.0,0.0,0.0,0.0,0.0,0.0,0.0,0.0,0.0,0.0,0.0,0.0,0.0,0.0,0.0,0.05,0.05,0.05,0.05,0.05,0.05,0.05,0.05,0.05,18.04258,-63.056017
Seychelles,SYC,Consommation d’énergies renouvelables (% de la consommation totale d’énergie),EG.FEC.RNEW.ZS,4.25,3.48,3.34,3.11,2.76,2.96,2.29,2.06,1.9,1.82,1.52,1.26,1.1,1.12,0.96,0.94,0.95,1.01,0.91,0.83,0.71,0.85,0.8,1.47,1.37,1.36,1.21,1.24,1.23,1.21,1.34,-4.679574,55.491977
République arabe syrienne,SYR,Consommation d’énergies renouvelables (% de la consommation totale d’énergie),EG.FEC.RNEW.ZS,2.36,2.08,2.2,2.2,2.02,1.77,1.63,1.66,1.6,1.75,2.0,2.07,1.6,1.9,2.59,2.1,1.82,1.54,1.25,0.91,1.35,1.62,2.02,3.07,2.68,0.58,1.32,1.07,0.88,0.99,1.08,34.802075,38.996815
République arabe syrienne,SYR,Consommation d’énergies renouvelables (% de la consommation totale d’énergie),EG.FEC.RNEW.ZS,2.36,2.08,2.2,2.2,2.02,1.77,1.63,1.66,1.6,1.75,2.0,2.07,1.6,1.9,2.59,2.1,1.82,1.54,1.25,0.91,1.35,1.62,2.02,3.07,2.68,0.58,1.32,1.07,0.88,0.99,1.08,34.802075,38.996815
Îles Turques-et-Caïques,TCA,Consommation d’énergies renouvelables (% de la consommation totale d’énergie),EG.FEC.RNEW.ZS,0.8,0.53,0.33,0.52,0.53,0.52,0.6,0.51,0.53,0.52,0.45,0.43,0.38,0.39,0.39,0.36,0.35,0.33,0.33,0.34,0.34,0.37,0.37,0.37,0.36,0.38,0.37,0.35,0.41,0.5,0.51,21.694025,-71.797928
Tchad,TCD,Consommation d’énergies renouvelables (% de la consommation totale d’énergie),EG.FEC.RNEW.ZS,89.49,89.32,89.18,89.47,89.26,89.17,89.04,88.88,88.87,88.72,88.7,88.6,88.53,83.91,84.0,83.82,83.74,82.38,79.85,79.36,79.23,80.68,76.08,72.62,72.52,72.66,72.72,72.84,73.13,72.78,73.55,15.454166,18.732207
Togo,TGO,Consommation d’énergies renouvelables (% de la consommation totale d’énergie),EG.FEC.RNEW.ZS,78.7,82.09,85.79,91.5,81.55,81.52,73.1,79.56,77.75,73.12,77.11,82.05,78.66,74.79,76.14,77.22,79.65,79.9,76.51,63.38,65.81,69.1,72.65,76.19,81.44,81.04,80.65,78.39,76.74,76.2,76.62,8.619543,0.824782
Thaïlande,THA,Consommation d’énergies renouvelables (% de la consommation totale d’énergie),EG.FEC.RNEW.ZS,33.51,32.99,31.77,26.39,23.82,22.56,21.03,21.11,21.5,21.15,21.82,19.89,19.91,20.21,19.89,20.11,20.53,21.61,22.63,22.83,22.83,22.96,23.56,23.21,24.41,22.65,22.43,22.25,23.7,23.95,20.83,15.870032,100.992541
Tadjikistan,TJK,Consommation d’énergies renouvelables (% de la consommation totale d’énergie),EG.FEC.RNEW.ZS,29.63,30.99,37.37,43.95,57.25,60.58,62.66,56.82,55.8,59.72,62.41,64.07,64.15,64.58,61.41,63.73,61.57,53.79,54.61,60.58,61.83,59.98,55.8,55.12,45.89,48.11,43.67,44.23,41.58,40.07,38.75,38.861034,71.276093
Turkménistan,TKM,Consommation d’énergies renouvelables (% de la consommation totale d’énergie),EG.FEC.RNEW.ZS,0.0,0.0,0.0,0.0,0.0,0.0,0.0,0.0,0.1,0.09,0.1,0.1,0.09,0.08,0.08,0.08,0.09,0.07,0.08,0.08,0.07,0.07,0.05,0.06,0.06,0.06,0.06,0.06,0.06,0.06,0.06,38.969719,59.556278
Timor-Leste,TLS,Consommation d’énergies renouvelables (% de la consommation totale d’énergie),EG.FEC.RNEW.ZS,0.0,0.0,0.0,0.0,0.0,0.0,0.0,0.0,0.0,0.0,0.0,0.0,48.25,47.85,44.04,43.61,41.9,41.88,39.72,36.91,34.82,32.84,25.61,22.57,18.08,18.0,12.67,13.21,12.71,11.67,11.42,-8.874217,125.727539
Tonga,TON,Consommation d’énergies renouvelables (% de la consommation totale d’énergie),EG.FEC.RNEW.ZS,1.41,1.29,1.57,1.43,1.23,1.16,1.46,1.26,1.24,1.03,2.48,2.7,2.48,2.01,2.15,2.15,1.86,2.17,1.99,1.82,1.01,1.14,1.15,1.58,1.7,1.94,2.03,1.96,1.78,1.77,1.89,-21.178986,-175.198242
Trinité-et-Tobago,TTO,Consommation d’énergies renouvelables (% de la consommation totale d’énergie),EG.FEC.RNEW.ZS,1.19,1.3,1.28,1.34,1.26,1.18,0.99,0.93,0.9,0.86,0.76,0.71,0.69,0.6,0.6,0.54,0.55,0.45,0.46,0.49,0.38,0.38,0.37,0.36,0.35,0.37,0.43,0.42,0.46,0.43,0.47,10.691803,-61.222503
Tunisie,TUN,Consommation d’énergies renouvelables (% de la consommation totale d’énergie),EG.FEC.RNEW.ZS,14.48,14.79,14.2,13.87,14.2,14.37,14.38,14.44,14.5,14.49,14.24,14.22,14.55,14.13,13.92,14.18,14.32,14.32,14.61,16.07,12.61,13.24,13.0,13.17,12.86,12.5,12.4,11.82,11.91,12.19,12.88,33.886917,9.537499
Turquie,TUR,Consommation d’énergies renouvelables (% de la consommation totale d’énergie),EG.FEC.RNEW.ZS,24.37,23.98,23.98,23.55,24.05,21.9,21.04,20.69,21.53,20.47,17.29,18.12,17.49,16.29,16.78,15.34,14.23,12.48,12.53,13.12,14.21,12.68,13.03,13.8,11.51,13.34,13.23,11.4,11.83,14.12,13.72,38.963745,35.243322
Tuvalu,TUV,Consommation d’énergies renouvelables (% de la consommation totale d’énergie),EG.FEC.RNEW.ZS,0.0,0.0,0.0,0.0,0.0,0.0,0.0,0.0,0.0,0.0,0.04,0.03,0.02,0.03,0.02,0.02,0.02,0.02,0.2,0.25,0.45,0.21,0.27,0.7,0.65,2.98,7.27,6.98,6.59,6.51,6.67,-7.109535,177.64933
Tanzanie,TZA,Consommation d’énergies renouvelables (% de la consommation totale d’énergie),EG.FEC.RNEW.ZS,93.17,93.49,93.68,94.11,95.18,93.37,92.22,92.75,93.18,94.27,93.73,93.17,92.46,92.4,91.55,90.76,90.63,90.81,90.33,90.93,89.74,88.77,86.64,85.57,86.38,86.24,86.67,85.29,85.29,83.54,83.95,-6.369028,34.888822
Tanzanie,TZA,Consommation d’énergies renouvelables (% de la consommation totale d’énergie),EG.FEC.RNEW.ZS,93.17,93.49,93.68,94.11,95.18,93.37,92.22,92.75,93.18,94.27,93.73,93.17,92.46,92.4,91.55,90.76,90.63,90.81,90.33,90.93,89.74,88.77,86.64,85.57,86.38,86.24,86.67,85.29,85.29,83.54,83.95,-6.369028,34.888822
Ouganda,UGA,Consommation d’énergies renouvelables (% de la consommation totale d’énergie),EG.FEC.RNEW.ZS,96.78,96.79,96.86,96.95,97.45,96.73,96.47,95.65,95.17,95.21,95.01,95.22,95.35,95.28,95.02,94.11,93.82,93.74,93.73,93.87,93.18,92.79,92.95,92.55,91.84,91.07,90.81,90.73,91.47,91.62,92.91,1.373333,32.290275
Ukraine,UKR,Consommation d’énergies renouvelables (% de la consommation totale d’énergie),EG.FEC.RNEW.ZS,0.65,0.7,0.6,0.89,1.1,0.98,0.9,1.02,1.58,1.45,1.25,1.23,1.03,0.99,1.21,1.27,1.75,2.39,2.72,2.96,2.88,2.74,2.86,3.49,3.5,4.15,5.48,6.48,6.92,7.44,8.72,48.379433,31.16558
Uruguay,URY,Consommation d’énergies renouvelables (% de la consommation totale d’énergie),EG.FEC.RNEW.ZS,44.79,43.74,43.29,42.68,42.2,41.04,37.53,37.7,36.87,33.26,38.73,41.63,43.25,43.83,39.31,41.32,37.6,43.2,44.09,44.64,53.29,49.67,47.85,51.87,56.7,59.4,60.32,60.82,60.83,59.34,61.09,-32.522779,-55.765835
États-Unis,USA,Consommation d’énergies renouvelables (% de la consommation totale d’énergie),EG.FEC.RNEW.ZS,4.18,4.51,4.76,4.28,4.09,4.73,4.76,4.51,4.53,5.71,5.43,4.68,4.84,5.33,5.48,5.84,6.4,6.3,6.85,7.35,7.44,8.36,8.73,9.08,9.22,9.03,9.46,9.92,10.12,10.42,11.16,37.09024,-95.712891
États-Unis,USA,Consommation d’énergies renouvelables (% de la consommation totale d’énergie),EG.FEC.RNEW.ZS,4.18,4.51,4.76,4.28,4.09,4.73,4.76,4.51,4.53,5.71,5.43,4.68,4.84,5.33,5.48,5.84,6.4,6.3,6.85,7.35,7.44,8.36,8.73,9.08,9.22,9.03,9.46,9.92,10.12,10.42,11.16,37.09024,-95.712891
Ouzbékistan,UZB,Consommation d’énergies renouvelables (% de la consommation totale d’énergie),EG.FEC.RNEW.ZS,1.3,1.22,1.41,1.62,1.59,1.47,1.66,1.45,1.23,1.48,0.72,0.78,1.02,1.42,1.05,1.62,0.85,0.9,0.8,1.25,1.35,0.95,1.34,1.19,1.4,1.71,1.61,1.75,1.49,1.56,1.03,41.377491,64.585262
Saint-Vincent-et-les Grenadines,VCT,Consommation d’énergies renouvelables (% de la consommation totale d’énergie),EG.FEC.RNEW.ZS,15.44,11.6,13.17,12.28,10.47,9.1,8.99,8.78,7.15,6.54,8.49,6.19,6.07,5.63,5.86,5.81,5.29,4.71,5.33,4.1,5.13,6.09,5.02,5.37,3.32,4.3,4.1,5.28,4.93,5.39,4.9,12.984305,-61.287228
Venezuela,VEN,Consommation d’énergies renouvelables (% de la consommation totale d’énergie),EG.FEC.RNEW.ZS,12.02,13.24,14.15,13.23,13.83,13.15,12.89,13.88,13.68,15.04,15.29,14.03,12.84,13.41,14.64,14.23,15.6,16.64,16.35,16.21,13.79,14.76,13.71,15.29,12.01,15.33,14.51,14.31,14.57,15.77,23.33,6.42375,-66.58973
Îles Vierges britanniques,VGB,Consommation d’énergies renouvelables (% de la consommation totale d’énergie),EG.FEC.RNEW.ZS,1.3,1.38,1.1,1.22,1.1,1.14,0.95,0.98,0.96,0.91,0.87,0.86,0.84,0.79,0.77,0.76,0.72,0.71,0.71,0.73,0.71,0.89,0.91,0.97,1.0,1.0,1.0,1.15,1.24,1.25,1.42,18.420695,-64.639968
Îles Vierges (EU),VIR,Consommation d’énergies renouvelables (% de la consommation totale d’énergie),EG.FEC.RNEW.ZS,0.49,0.52,0.47,0.51,0.46,0.48,0.46,0.49,0.53,0.55,0.53,0.55,0.57,0.58,0.59,0.67,0.69,0.69,0.72,0.77,0.74,1.12,1.87,2.68,3.94,5.14,5.14,4.8,4.76,4.91,5.13,18.335765,-64.896335
Viet Nam,VNM,Consommation d’énergies renouvelables (% de la consommation totale d’énergie),EG.FEC.RNEW.ZS,75.91,75.46,74.52,70.62,67.77,64.88,62.61,60.53,59.23,59.32,57.73,56.14,52.2,50.83,45.77,44.15,44.25,41.9,39.26,36.97,34.58,36.33,37.91,37.37,36.69,26.54,26.97,28.52,24.59,20.65,19.11,14.058324,108.277199
Viet Nam,VNM,Consommation d’énergies renouvelables (% de la consommation totale d’énergie),EG.FEC.RNEW.ZS,75.91,75.46,74.52,70.62,67.77,64.88,62.61,60.53,59.23,59.32,57.73,56.14,52.2,50.83,45.77,44.15,44.25,41.9,39.26,36.97,34.58,36.33,37.91,37.37,36.69,26.54,26.97,28.52,24.59,20.65,19.11,14.058324,108.277199
Vanuatu,VUT,Consommation d’énergies renouvelables (% de la consommation totale d’énergie),EG.FEC.RNEW.ZS,27.63,31.86,37.31,40.28,43.46,45.43,38.85,41.42,47.25,47.97,47.75,46.6,50.9,51.37,65.47,65.38,64.66,42.4,47.68,38.66,38.08,35.75,38.98,40.92,31.51,35.62,33.15,35.69,29.7,31.63,26.03,-15.376706,166.959158
Samoa,WSM,Consommation d’énergies renouvelables (% de la consommation totale d’énergie),EG.FEC.RNEW.ZS,63.96,61.75,60.61,59.25,60.05,58.56,58.16,59.09,58.0,57.89,59.69,52.41,49.58,52.41,48.82,48.89,45.96,43.18,44.87,43.28,41.28,40.26,40.26,42.61,41.24,37.47,36.82,35.79,36.63,34.21,37.54,-13.759029,-172.104629
Yémen,YEM,Consommation d’énergies renouvelables (% de la consommation totale d’énergie),,1.78,1.41,1.31,1.48,1.44,1.24,1.22,1.15,1.07,1.0,0.95,0.89,0.9,0.78,0.75,0.74,0.76,0.76,0.74,0.7,0.78,0.93,1.08,0.76,0.76,1.96,2.64,2.94,2.91,3.01,,15.552727,48.516388
Afrique du Sud,ZAF,Consommation d’énergies renouvelables (% de la consommation totale d’énergie),EG.FEC.RNEW.ZS,16.63,17.47,18.37,18.59,18.57,18.12,17.44,17.11,17.28,17.67,16.18,15.01,13.28,12.07,11.1,9.89,9.42,8.86,9.9,9.37,9.65,9.23,8.49,7.94,7.72,7.73,7.97,8.03,8.07,8.84,9.76,-30.559482,22.937506
Zambie,ZMB,Consommation d’énergies renouvelables (% de la consommation totale d’énergie),EG.FEC.RNEW.ZS,83.03,82.29,82.73,85.14,86.86,87.11,89.64,87.0,87.75,89.82,89.98,89.76,89.56,89.2,89.28,88.68,89.43,90.32,89.36,88.68,88.59,87.28,84.63,84.56,83.77,83.09,83.07,81.89,81.87,81.48,81.84,-13.133897,27.849332
Zimbabwe,ZWE,Consommation d’énergies renouvelables (% de la consommation totale d’énergie),EG.FEC.RNEW.ZS,63.97,63.74,64.37,64.41,68.52,67.06,66.74,67.39,67.84,64.41,69.49,72.32,74.74,78.01,81.84,80.29,78.67,77.98,81.57,82.58,82.51,79.4,77.64,79.04,80.45,81.0,82.07,82.63,80.43,81.52,84.36,-19.015438,29.154857
